scenario,n_sample,mechanism,condition,null_case,beta_treat,beta_int,method,n_reps,true_effect,bias,mcse_bias,rmse,mcse_rmse,coverage,mcse_coverage,type1,mcse_type1,obs_rate,p_hat_min,p_hat_med,p_hat_max,w_max,ess,trunc_frac
N350_MAR_both_misspec_ALT,350,MAR,both_misspec,False,0.45,0.28,CC,250,0.41382823521152323,-0.013643903337706757,0.01493418890851358,0.23605216730359843,0.010882563255944796,0.944,0.014541526742402262,,,0.7672342857142858,,,,,,
N350_MAR_both_misspec_ALT,350,MAR,both_misspec,False,0.45,0.28,OM,250,0.41382823521152323,-0.02395033481177787,0.01420952592773792,0.22549803698318363,0.010276683143171834,0.948,0.014042222046385685,,,0.7672342857142858,,,,,,
N350_MAR_both_misspec_ALT,350,MAR,both_misspec,False,0.45,0.28,IPW,250,0.41382823521152323,0.000640204156710454,0.02010782632677003,0.3172967933633449,0.013817418098589584,0.956,0.012971353052014278,,,0.7672342857142858,0.6131136011838785,0.7756195534057606,0.8565123433427768,1.6594505309310355,267.34865855475925,0.0
N350_MAR_both_misspec_ALT,350,MAR,both_misspec,False,0.45,0.28,AIPW,250,0.41382823521152323,-0.023335840931329815,0.014214316191381082,0.2255087822775942,0.010263354177591324,0.948,0.014042222046385685,,,0.7672342857142858,0.6131136011838785,0.7756195534057606,0.8565123433427768,1.6594505309310355,267.34865855475925,0.0
N350_MAR_both_misspec_NULL,350,MAR,both_misspec,True,0.0,0.0,CC,250,0.0,-0.0063596541796589225,0.01568930184635075,0.24765467715214912,0.01073698224204322,0.968,0.011131217363792701,0.032,0.011131217363792696,0.7695885714285714,,,,,,
N350_MAR_both_misspec_NULL,350,MAR,both_misspec,True,0.0,0.0,OM,250,0.0,-0.0031971897061194307,0.014798361191060334,0.23353608717572108,0.00999472876868048,0.968,0.011131217363792701,0.032,0.011131217363792696,0.7695885714285714,,,,,,
N350_MAR_both_misspec_NULL,350,MAR,both_misspec,True,0.0,0.0,IPW,250,0.0,-0.005433037919449829,0.01971368103341867,0.3111240807989468,0.01346057411933027,0.948,0.014042222046385685,0.052,0.014042222046385677,0.7695885714285714,0.6193177306671497,0.7776411374723544,0.8579344988581444,1.649342867151087,268.1933417872266,0.0
N350_MAR_both_misspec_NULL,350,MAR,both_misspec,True,0.0,0.0,AIPW,250,0.0,-0.004199462392724885,0.014784082858237147,0.23332668700393885,0.00986429383666125,0.968,0.011131217363792701,0.032,0.011131217363792696,0.7695885714285714,0.6193177306671497,0.7776411374723544,0.8579344988581444,1.649342867151087,268.1933417872266,0.0
N350_MAR_correct_ALT,350,MAR,correct,False,0.45,0.28,CC,250,0.41382823521152323,-0.013533881221416601,0.015223373149425228,0.24060171936735822,0.01024481429555465,0.964,0.011782020200288238,,,0.7682057142857143,,,,,,
N350_MAR_correct_ALT,350,MAR,correct,False,0.45,0.28,OM,250,0.41382823521152323,0.002099133172698513,0.014016522097165,0.22118694896728217,0.009775885660362473,0.952,0.013519763311537675,,,0.7682057142857143,,,,,,
N350_MAR_correct_ALT,350,MAR,correct,False,0.45,0.28,IPW,250,0.41382823521152323,-0.0001308443513850447,0.01906769668839821,0.3008832070977567,0.012708783315102733,0.968,0.011131217363792701,,,0.7682057142857143,0.4903224426777292,0.7892565705910028,0.9292355406024629,2.1161971154433106,264.8120827699413,9.142857142857143e-05
N350_MAR_correct_ALT,350,MAR,correct,False,0.45,0.28,AIPW,250,0.41382823521152323,0.0020642218237029316,0.013956885724395397,0.22024561546957436,0.009739682748756133,0.948,0.014042222046385685,,,0.7682057142857143,0.4903224426777292,0.7892565705910028,0.9292355406024629,2.1161971154433106,264.8120827699413,9.142857142857143e-05
N350_MAR_correct_NULL,350,MAR,correct,True,0.0,0.0,CC,250,0.0,0.009861948123573326,0.016521612631268917,0.2608931109118838,0.01055551696126036,0.92,0.01715808847162177,0.08,0.017158088471621775,0.7717942857142857,,,,,,
N350_MAR_correct_NULL,350,MAR,correct,True,0.0,0.0,OM,250,0.0,0.004889466609638224,0.015972270048348686,0.25208559280048815,0.01067619548634793,0.94,0.015019986684414876,0.06,0.01501998668441487,0.7717942857142857,,,,,,
N350_MAR_correct_NULL,350,MAR,correct,True,0.0,0.0,IPW,250,0.0,-0.00999463400777288,0.02071982093823915,0.3271059868871403,0.015041785951632454,0.948,0.014042222046385685,0.052,0.014042222046385677,0.7717942857142857,0.504659962011815,0.7910105772693219,0.9270833518338396,2.0482605348062877,266.4815715794886,3.428571428571429e-05
N350_MAR_correct_NULL,350,MAR,correct,True,0.0,0.0,AIPW,250,0.0,0.004156178365917001,0.01616165011053819,0.2550604015878957,0.010651572902724062,0.94,0.015019986684414876,0.06,0.01501998668441487,0.7717942857142857,0.504659962011815,0.7910105772693219,0.9270833518338396,2.0482605348062877,266.4815715794886,3.428571428571429e-05
N350_MAR_missing_misspec_ALT,350,MAR,missing_misspec,False,0.45,0.28,CC,250,0.41382823521152323,-0.009572473532733898,0.014963079822192851,0.23630738019177117,0.008793249410330788,0.98,0.008854377448471465,,,0.7694285714285715,,,,,,
N350_MAR_missing_misspec_ALT,350,MAR,missing_misspec,False,0.45,0.28,OM,250,0.41382823521152323,0.0033162691756930844,0.014391988307473125,0.22712595662850604,0.00907976144717503,0.952,0.013519763311537675,,,0.7694285714285715,,,,,,
N350_MAR_missing_misspec_ALT,350,MAR,missing_misspec,False,0.45,0.28,IPW,250,0.41382823521152323,-0.012190749568303001,0.019257824489778853,0.30412777181760214,0.012605434082524522,0.964,0.011782020200288238,,,0.7694285714285715,0.6249363455164937,0.7779003154881476,0.8583422203160355,1.625818681250804,268.1923544867576,0.0
N350_MAR_missing_misspec_ALT,350,MAR,missing_misspec,False,0.45,0.28,AIPW,250,0.41382823521152323,0.0019290621797948449,0.014391330668451498,0.22709956073199034,0.009069729671650165,0.956,0.012971353052014278,,,0.7694285714285715,0.6249363455164937,0.7779003154881476,0.8583422203160355,1.625818681250804,268.1923544867576,0.0
N350_MAR_missing_misspec_NULL,350,MAR,missing_misspec,True,0.0,0.0,CC,250,0.0,0.015229867200084157,0.015961401251867676,0.25232670291863646,0.010445608505726869,0.968,0.011131217363792701,0.032,0.011131217363792696,0.76776,,,,,,
N350_MAR_missing_misspec_NULL,350,MAR,missing_misspec,True,0.0,0.0,OM,250,0.0,0.019696399310742158,0.015575380076773494,0.2465633221208305,0.009629555209312187,0.96,0.01239354670786374,0.04,0.012393546707863733,0.76776,,,,,,
N350_MAR_missing_misspec_NULL,350,MAR,missing_misspec,True,0.0,0.0,IPW,250,0.0,0.022428226081738216,0.019547257604155443,0.30926485413983523,0.012426612831785169,0.956,0.012971353052014278,0.044,0.012971353052014273,0.76776,0.6128687197464818,0.7761663628308784,0.860546971571972,1.6548261741424124,267.5210848023652,0.0
N350_MAR_missing_misspec_NULL,350,MAR,missing_misspec,True,0.0,0.0,AIPW,250,0.0,0.01976040371933636,0.01563739754622883,0.24754392712775894,0.009849152209272872,0.96,0.01239354670786374,0.04,0.012393546707863733,0.76776,0.6128687197464818,0.7761663628308784,0.860546971571972,1.6548261741424124,267.5210848023652,0.0
N350_MAR_outcome_misspec_ALT,350,MAR,outcome_misspec,False,0.45,0.28,CC,250,0.41382823521152323,-0.014152203688606915,0.015032870843128902,0.23763648522482061,0.009946576570858762,0.96,0.01239354670786374,,,0.7680800000000001,,,,,,
N350_MAR_outcome_misspec_ALT,350,MAR,outcome_misspec,False,0.45,0.28,OM,250,0.41382823521152323,-0.017044995222789638,0.014219018773521677,0.2250188327400701,0.010545647453262336,0.968,0.011131217363792701,,,0.7680800000000001,,,,,,
N350_MAR_outcome_misspec_ALT,350,MAR,outcome_misspec,False,0.45,0.28,IPW,250,0.41382823521152323,-0.0019367146653317226,0.020677911542574735,0.32629768812936555,0.014769176314615004,0.944,0.014541526742402262,,,0.7680800000000001,0.4925051084725911,0.7889016021327764,0.9282034175999447,2.1017602005942098,264.88204822447847,5.714285714285714e-05
N350_MAR_outcome_misspec_ALT,350,MAR,outcome_misspec,False,0.45,0.28,AIPW,250,0.41382823521152323,-0.00022337868054570943,0.01435877251006361,0.22657771856248082,0.010490580345838262,0.96,0.01239354670786374,,,0.7680800000000001,0.4925051084725911,0.7889016021327764,0.9282034175999447,2.1017602005942098,264.88204822447847,5.714285714285714e-05
N350_MAR_outcome_misspec_NULL,350,MAR,outcome_misspec,True,0.0,0.0,CC,250,0.0,0.009187629903292025,0.016126249023113083,0.25463372424827846,0.011045691885131928,0.944,0.014541526742402262,0.056,0.014541526742402257,0.7667771428571428,,,,,,
N350_MAR_outcome_misspec_NULL,350,MAR,outcome_misspec,True,0.0,0.0,OM,250,0.0,0.006543215560039685,0.015387531167525547,0.24289929273739375,0.010326143600377011,0.952,0.013519763311537675,0.048,0.01351976331153767,0.7667771428571428,,,,,,
N350_MAR_outcome_misspec_NULL,350,MAR,outcome_misspec,True,0.0,0.0,IPW,250,0.0,0.0067735935863598926,0.020225833444970937,0.31923013934692274,0.013708090305025993,0.936,0.01547953487673321,0.064,0.015479534876733215,0.7667771428571428,0.5014406316406791,0.785466650551278,0.9246037975040184,2.0503948950464705,264.83131616125934,2.2857142857142858e-05
N350_MAR_outcome_misspec_NULL,350,MAR,outcome_misspec,True,0.0,0.0,AIPW,250,0.0,0.00692569857650794,0.015543568209294928,0.24537112902162433,0.010570375523436582,0.948,0.014042222046385685,0.052,0.014042222046385677,0.7667771428571428,0.5014406316406791,0.785466650551278,0.9246037975040184,2.0503948950464705,264.83131616125934,2.2857142857142858e-05
N350_MNARintStrong_both_misspec_ALT,350,MNARintStrong,both_misspec,False,0.45,0.28,CC,250,0.41382823521152323,-0.37536055248967387,0.017275460936267764,0.4639046135305415,0.01658310813939693,0.724,0.028271823428990213,,,0.6681942857142856,,,,,,
N350_MNARintStrong_both_misspec_ALT,350,MNARintStrong,both_misspec,False,0.45,0.28,OM,250,0.41382823521152323,-0.316731442691377,0.015981464488720384,0.4048644234595261,0.015858796431698723,0.804,0.02510649318403508,,,0.6681942857142856,,,,,,
N350_MNARintStrong_both_misspec_ALT,350,MNARintStrong,both_misspec,False,0.45,0.28,IPW,250,0.41382823521152323,-0.36242245365198805,0.020752027335910646,0.4884475897270584,0.019010451705542105,0.792,0.025669904557672197,,,0.6681942857142856,0.45282444533149846,0.6901505058110555,0.8182277431336509,2.2846276140126665,229.96297584765836,0.0
N350_MNARintStrong_both_misspec_ALT,350,MNARintStrong,both_misspec,False,0.45,0.28,AIPW,250,0.41382823521152323,-0.3207619486973428,0.01623896067079507,0.4105490041461024,0.01613865800911144,0.792,0.025669904557672197,,,0.6681942857142856,0.45282444533149846,0.6901505058110555,0.8182277431336509,2.2846276140126665,229.96297584765836,0.0
N350_MNARintStrong_both_misspec_NULL,350,MNARintStrong,both_misspec,True,0.0,0.0,CC,250,0.0,-0.3480050546631183,0.017956128777325536,0.44876579156324586,0.016988974888767945,0.78,0.0261992366301005,0.22,0.026199236630100504,0.6829942857142858,,,,,,
N350_MNARintStrong_both_misspec_NULL,350,MNARintStrong,both_misspec,True,0.0,0.0,OM,250,0.0,-0.31862058976322816,0.01694650122319872,0.4159661912275184,0.015685052576533836,0.796,0.025485996154751337,0.204,0.02548599615475134,0.6829942857142858,,,,,,
N350_MNARintStrong_both_misspec_NULL,350,MNARintStrong,both_misspec,True,0.0,0.0,IPW,250,0.0,-0.34456658807521245,0.021637644064011873,0.48508231892882814,0.019515633412851927,0.808,0.02491072058371656,0.192,0.024910720583716565,0.6829942857142858,0.475623966705479,0.6984856750629728,0.8189973621470873,2.181128822925468,235.91102222885146,0.0
N350_MNARintStrong_both_misspec_NULL,350,MNARintStrong,both_misspec,True,0.0,0.0,AIPW,250,0.0,-0.3225310442040946,0.017045091842427872,0.41996372259835385,0.015746972099539527,0.788,0.025850029013523367,0.212,0.02585002901352337,0.6829942857142858,0.475623966705479,0.6984856750629728,0.8189973621470873,2.181128822925468,235.91102222885146,0.0
N350_MNARintStrong_correct_ALT,350,MNARintStrong,correct,False,0.45,0.28,CC,250,0.41382823521152323,-0.3837075861087919,0.01701659971340277,0.46833013294381837,0.01498078288187993,0.72,0.028397182958878157,,,0.6667542857142857,,,,,,
N350_MNARintStrong_correct_ALT,350,MNARintStrong,correct,False,0.45,0.28,OM,250,0.41382823521152323,-0.2949608473969835,0.016197439644320966,0.39029323233175633,0.013226610865854705,0.808,0.02491072058371656,,,0.6667542857142857,,,,,,
N350_MNARintStrong_correct_ALT,350,MNARintStrong,correct,False,0.45,0.28,IPW,250,0.41382823521152323,-0.34332107704635173,0.021325992318349824,0.48074322781135836,0.018014844531435904,0.828,0.023867634989667496,,,0.6667542857142857,0.2970339437774266,0.7115053406681094,0.927909091012284,3.6059416745962056,220.50770519540782,1.1428571428571429e-05
N350_MNARintStrong_correct_ALT,350,MNARintStrong,correct,False,0.45,0.28,AIPW,250,0.41382823521152323,-0.29675034888591206,0.016222021386069877,0.3919006379793066,0.013479473374911236,0.824,0.024085182166635157,,,0.6667542857142857,0.2970339437774266,0.7115053406681094,0.927909091012284,3.6059416745962056,220.50770519540782,1.1428571428571429e-05
N350_MNARintStrong_correct_NULL,350,MNARintStrong,correct,True,0.0,0.0,CC,250,0.0,-0.3295096615657874,0.018176585719399126,0.43685615012318546,0.016237205141103,0.82,0.024298148077579906,0.18,0.024298148077579906,0.6842285714285714,,,,,,
N350_MNARintStrong_correct_NULL,350,MNARintStrong,correct,True,0.0,0.0,OM,250,0.0,-0.30540412763700997,0.017756092610201984,0.4144588140557013,0.016650225308083147,0.856,0.022204864331943127,0.144,0.022204864331943124,0.6842285714285714,,,,,,
N350_MNARintStrong_correct_NULL,350,MNARintStrong,correct,True,0.0,0.0,IPW,250,0.0,-0.33085600663157283,0.02165756922477165,0.47566713466552385,0.01834976859216153,0.824,0.024085182166635157,0.176,0.024085182166635154,0.6842285714285714,0.3317145865760909,0.72258364002577,0.9262068323142283,3.1913755037460034,229.25821664772977,3.428571428571429e-05
N350_MNARintStrong_correct_NULL,350,MNARintStrong,correct,True,0.0,0.0,AIPW,250,0.0,-0.30471387047107884,0.017778075495542313,0.4141853147691752,0.016343590234720682,0.852,0.022458495051984228,0.148,0.022458495051984228,0.6842285714285714,0.3317145865760909,0.72258364002577,0.9262068323142283,3.1913755037460034,229.25821664772977,3.428571428571429e-05
N350_MNARintStrong_missing_misspec_ALT,350,MNARintStrong,missing_misspec,False,0.45,0.28,CC,250,0.41382823521152323,-0.38652019077411065,0.017476539724587226,0.47481553115033914,0.01552006220012753,0.708,0.028756634017214185,,,0.6672457142857142,,,,,,
N350_MNARintStrong_missing_misspec_ALT,350,MNARintStrong,missing_misspec,False,0.45,0.28,OM,250,0.41382823521152323,-0.29590819487094394,0.017415746137028457,0.4038383401258807,0.014565722811692336,0.792,0.025669904557672197,,,0.6672457142857142,,,,,,
N350_MNARintStrong_missing_misspec_ALT,350,MNARintStrong,missing_misspec,False,0.45,0.28,IPW,250,0.41382823521152323,-0.38280453307338147,0.020193210407797858,0.4980692536569136,0.017714312689206178,0.768,0.02669651662670619,,,0.6672457142857142,0.4494852590715383,0.6890327500501185,0.8180678023869608,2.3080975235108285,229.56891526455203,0.0
N350_MNARintStrong_missing_misspec_ALT,350,MNARintStrong,missing_misspec,False,0.45,0.28,AIPW,250,0.41382823521152323,-0.3000711920443175,0.017621766358418136,0.4091012784665629,0.014789962698415699,0.792,0.025669904557672197,,,0.6672457142857142,0.4494852590715383,0.6890327500501185,0.8180678023869608,2.3080975235108285,229.56891526455203,0.0
N350_MNARintStrong_missing_misspec_NULL,350,MNARintStrong,missing_misspec,True,0.0,0.0,CC,250,0.0,-0.37041131377401476,0.01703178914636211,0.4576406012492773,0.015391466802358016,0.772,0.02653420434081263,0.228,0.026534204340812634,0.6825028571428571,,,,,,
N350_MNARintStrong_missing_misspec_NULL,350,MNARintStrong,missing_misspec,True,0.0,0.0,OM,250,0.0,-0.3414047704785828,0.017002595851553663,0.4342121548997218,0.016027946846668674,0.8,0.025298221281347035,0.2,0.02529822128134704,0.6825028571428571,,,,,,
N350_MNARintStrong_missing_misspec_NULL,350,MNARintStrong,missing_misspec,True,0.0,0.0,IPW,250,0.0,-0.3713025155372031,0.02034380054724519,0.4908352503641851,0.01828647318015087,0.796,0.025485996154751337,0.204,0.02548599615475134,0.6825028571428571,0.47286244742096517,0.6987179963300115,0.8196567313876322,2.199691430800088,235.7939379982877,0.0
N350_MNARintStrong_missing_misspec_NULL,350,MNARintStrong,missing_misspec,True,0.0,0.0,AIPW,250,0.0,-0.3419772669634049,0.017085798148292853,0.43547405343194395,0.016232212343742405,0.796,0.025485996154751337,0.204,0.02548599615475134,0.6825028571428571,0.47286244742096517,0.6987179963300115,0.8196567313876322,2.199691430800088,235.7939379982877,0.0
N350_MNARintStrong_outcome_misspec_ALT,350,MNARintStrong,outcome_misspec,False,0.45,0.28,CC,250,0.41382823521152323,-0.3717984033546412,0.0194004868933003,0.4816143652027445,0.016986270007462834,0.676,0.02959891889917603,,,0.6651542857142857,,,,,,
N350_MNARintStrong_outcome_misspec_ALT,350,MNARintStrong,outcome_misspec,False,0.45,0.28,OM,250,0.41382823521152323,-0.3106589736730947,0.017783355422066084,0.41863430665729584,0.014778175252274523,0.772,0.02653420434081263,,,0.6651542857142857,,,,,,
N350_MNARintStrong_outcome_misspec_ALT,350,MNARintStrong,outcome_misspec,False,0.45,0.28,IPW,250,0.41382823521152323,-0.3266309635548261,0.022906646646160825,0.4871772644892204,0.01887922077635873,0.796,0.025485996154751337,,,0.6651542857142857,0.30164830250969443,0.7080925974535469,0.922623519090646,3.518245834436654,220.64066852675722,5.714285714285714e-05
N350_MNARintStrong_outcome_misspec_ALT,350,MNARintStrong,outcome_misspec,False,0.45,0.28,AIPW,250,0.41382823521152323,-0.282509876846246,0.01824344434880667,0.40334206658985444,0.015229981794551895,0.804,0.02510649318403508,,,0.6651542857142857,0.30164830250969443,0.7080925974535469,0.922623519090646,3.518245834436654,220.64066852675722,5.714285714285714e-05
N350_MNARintStrong_outcome_misspec_NULL,350,MNARintStrong,outcome_misspec,True,0.0,0.0,CC,250,0.0,-0.35545129318360447,0.018637559771687393,0.4613436048678453,0.016632111253766627,0.768,0.02669651662670619,0.232,0.02669651662670619,0.6818514285714286,,,,,,
N350_MNARintStrong_outcome_misspec_NULL,350,MNARintStrong,outcome_misspec,True,0.0,0.0,OM,250,0.0,-0.3104790070227665,0.01804095109438184,0.4212371267859975,0.015153394559558931,0.796,0.025485996154751337,0.204,0.02548599615475134,0.6818514285714286,,,,,,
N350_MNARintStrong_outcome_misspec_NULL,350,MNARintStrong,outcome_misspec,True,0.0,0.0,IPW,250,0.0,-0.3611506223128725,0.020278978361123055,0.4825223060919862,0.01956399191210731,0.852,0.022458495051984228,0.148,0.022458495051984228,0.6818514285714286,0.3304699597647115,0.7197616150645493,0.9220774057007879,3.2104676560956595,228.47118626186193,2.2857142857142858e-05
N350_MNARintStrong_outcome_misspec_NULL,350,MNARintStrong,outcome_misspec,True,0.0,0.0,AIPW,250,0.0,-0.31561831748239044,0.018658972122596193,0.431631874700767,0.016665981086768904,0.812,0.02471080735224974,0.188,0.024710807352249745,0.6818514285714286,0.3304699597647115,0.7197616150645493,0.9220774057007879,3.2104676560956595,228.47118626186193,2.2857142857142858e-05
N350_MNARmod_both_misspec_ALT,350,MNARmod,both_misspec,False,0.45,0.28,CC,250,0.41382823521152323,-0.093992129704343,0.017137976845426735,0.28630119242608715,0.011900441047051517,0.948,0.014042222046385685,,,0.7018514285714286,,,,,,
N350_MNARmod_both_misspec_ALT,350,MNARmod,both_misspec,False,0.45,0.28,OM,250,0.41382823521152323,-0.07778115874890926,0.016126796646813782,0.26609815408633786,0.01165004532919055,0.94,0.015019986684414876,,,0.7018514285714286,,,,,,
N350_MNARmod_both_misspec_ALT,350,MNARmod,both_misspec,False,0.45,0.28,IPW,250,0.41382823521152323,-0.10433270652127799,0.02011935274321617,0.3341820072905469,0.013451499125383435,0.956,0.012971353052014278,,,0.7018514285714286,0.511810020798432,0.7146091880282462,0.8216288312506059,2.0071457644023094,243.46703451991164,0.0
N350_MNARmod_both_misspec_ALT,350,MNARmod,both_misspec,False,0.45,0.28,AIPW,250,0.41382823521152323,-0.07876162619162103,0.01607588482297471,0.2656190465646134,0.011776454448221929,0.94,0.015019986684414876,,,0.7018514285714286,0.511810020798432,0.7146091880282462,0.8216288312506059,2.0071457644023094,243.46703451991164,0.0
N350_MNARmod_both_misspec_NULL,350,MNARmod,both_misspec,True,0.0,0.0,CC,250,0.0,-0.0704425939810827,0.017679072633671102,0.28772732184179467,0.013286350496016659,0.932,0.01592180894245374,0.068,0.015921808942453743,0.71296,,,,,,
N350_MNARmod_both_misspec_NULL,350,MNARmod,both_misspec,True,0.0,0.0,OM,250,0.0,-0.05340899151220058,0.01666819389695488,0.26838752510723146,0.01202070037159054,0.936,0.01547953487673321,0.064,0.015479534876733215,0.71296,,,,,,
N350_MNARmod_both_misspec_NULL,350,MNARmod,both_misspec,True,0.0,0.0,IPW,250,0.0,-0.06583462028815287,0.021583692133902873,0.3468894391519139,0.0160082095098852,0.928,0.01634821091128934,0.072,0.016348210911289345,0.71296,0.5272668256829862,0.7251093413922935,0.8289637777891435,1.952984709908459,247.46021596479483,0.0
N350_MNARmod_both_misspec_NULL,350,MNARmod,both_misspec,True,0.0,0.0,AIPW,250,0.0,-0.0540901992219625,0.016776378360885618,0.2701962629420729,0.012009386067862381,0.936,0.01547953487673321,0.064,0.015479534876733215,0.71296,0.5272668256829862,0.7251093413922935,0.8289637777891435,1.952984709908459,247.46021596479483,0.0
N350_MNARmod_correct_ALT,350,MNARmod,correct,False,0.45,0.28,CC,250,0.41382823521152323,-0.054786924183202516,0.017149836288508965,0.2761099624377905,0.011937991106892455,0.952,0.013519763311537675,,,0.7041028571428571,,,,,,
N350_MNARmod_correct_ALT,350,MNARmod,correct,False,0.45,0.28,OM,250,0.41382823521152323,-0.01475596425395629,0.017287566115282364,0.2731919912560369,0.010057897315847981,0.944,0.014541526742402262,,,0.7041028571428571,,,,,,
N350_MNARmod_correct_ALT,350,MNARmod,correct,False,0.45,0.28,IPW,250,0.41382823521152323,-0.02142803470276222,0.02048435669068744,0.32394717016825336,0.012781188092397675,0.96,0.01239354670786374,,,0.7041028571428571,0.3686997987219083,0.7374917240478608,0.9260020918501021,2.8658107621700912,238.07927933487088,4.5714285714285716e-05
N350_MNARmod_correct_ALT,350,MNARmod,correct,False,0.45,0.28,AIPW,250,0.41382823521152323,-0.015241983414186486,0.01738105291204234,0.27469158549338746,0.01020384722189624,0.948,0.014042222046385685,,,0.7041028571428571,0.3686997987219083,0.7374917240478608,0.9260020918501021,2.8658107621700912,238.07927933487088,4.5714285714285716e-05
N350_MNARmod_correct_NULL,350,MNARmod,correct,True,0.0,0.0,CC,250,0.0,-0.09204091164375576,0.01673475415430598,0.2796506330600271,0.014775520708386494,0.932,0.01592180894245374,0.068,0.015921808942453743,0.7123657142857143,,,,,,
N350_MNARmod_correct_NULL,350,MNARmod,correct,True,0.0,0.0,OM,250,0.0,-0.0915397084582958,0.01628740988472678,0.2728262610016686,0.013699956131385032,0.92,0.01715808847162177,0.08,0.017158088471621775,0.7123657142857143,,,,,,
N350_MNARmod_correct_NULL,350,MNARmod,correct,True,0.0,0.0,IPW,250,0.0,-0.09885966258126426,0.020333560595502106,0.33574275989502655,0.017251953640048605,0.948,0.014042222046385685,0.052,0.014042222046385677,0.7123657142857143,0.3757512850571133,0.7444935285799891,0.92420219209641,2.8236518586184256,241.40073340299634,6.857142857142858e-05
N350_MNARmod_correct_NULL,350,MNARmod,correct,True,0.0,0.0,AIPW,250,0.0,-0.0964392510917417,0.01608468140631247,0.27151621712309737,0.013843878759984142,0.924,0.016759952267235128,0.076,0.01675995226723513,0.7123657142857143,0.3757512850571133,0.7444935285799891,0.92420219209641,2.8236518586184256,241.40073340299634,6.857142857142858e-05
N350_MNARmod_missing_misspec_ALT,350,MNARmod,missing_misspec,False,0.45,0.28,CC,250,0.41382823521152323,-0.1116189121568282,0.01659400393705973,0.2846465567158666,0.011429054204068428,0.932,0.01592180894245374,,,0.7027771428571429,,,,,,
N350_MNARmod_missing_misspec_ALT,350,MNARmod,missing_misspec,False,0.45,0.28,OM,250,0.41382823521152323,-0.05805474467143254,0.015921556197881225,0.2578581884828858,0.011099749087482812,0.94,0.015019986684414876,,,0.7027771428571429,,,,,,
N350_MNARmod_missing_misspec_ALT,350,MNARmod,missing_misspec,False,0.45,0.28,IPW,250,0.41382823521152323,-0.11935590677886548,0.020154574975762788,0.3396930212765086,0.014563932681026417,0.94,0.015019986684414876,,,0.7027771428571429,0.5103674491392287,0.714845744441425,0.82294034576083,2.0279692734661516,243.69173122308013,0.0
N350_MNARmod_missing_misspec_ALT,350,MNARmod,missing_misspec,False,0.45,0.28,AIPW,250,0.41382823521152323,-0.05760915712434041,0.015981391470591022,0.2586786200003984,0.011369952578446727,0.944,0.014541526742402262,,,0.7027771428571429,0.5103674491392287,0.714845744441425,0.82294034576083,2.0279692734661516,243.69173122308013,0.0
N350_MNARmod_missing_misspec_NULL,350,MNARmod,missing_misspec,True,0.0,0.0,CC,250,0.0,-0.04890588715930364,0.017428175082854623,0.2793266299366721,0.011182511987897905,0.944,0.014541526742402262,0.056,0.014541526742402257,0.7139428571428572,,,,,,
N350_MNARmod_missing_misspec_NULL,350,MNARmod,missing_misspec,True,0.0,0.0,OM,250,0.0,-0.042050609701591184,0.017106537859512223,0.27319229404115314,0.011385568520332687,0.936,0.01547953487673321,0.064,0.015479534876733215,0.7139428571428572,,,,,,
N350_MNARmod_missing_misspec_NULL,350,MNARmod,missing_misspec,True,0.0,0.0,IPW,250,0.0,-0.06085317567440729,0.019251872481364042,0.3098243420154348,0.012892601256044993,0.964,0.011782020200288238,0.036,0.011782020200288235,0.7139428571428572,0.5260955537975268,0.726156219716174,0.831608262055402,1.9543075865255943,247.72176350371993,0.0
N350_MNARmod_missing_misspec_NULL,350,MNARmod,missing_misspec,True,0.0,0.0,AIPW,250,0.0,-0.04346361890897614,0.01698896557639758,0.2715818459623437,0.011411252352606115,0.952,0.013519763311537675,0.048,0.01351976331153767,0.7139428571428572,0.5260955537975268,0.726156219716174,0.831608262055402,1.9543075865255943,247.72176350371993,0.0
N350_MNARmod_outcome_misspec_ALT,350,MNARmod,outcome_misspec,False,0.45,0.28,CC,250,0.41382823521152323,-0.07125197806193542,0.017078152160134336,0.2787489935366747,0.013948033887086956,0.944,0.014541526742402262,,,0.7026971428571428,,,,,,
N350_MNARmod_outcome_misspec_ALT,350,MNARmod,outcome_misspec,False,0.45,0.28,OM,250,0.41382823521152323,-0.06787065102733449,0.015775943754244025,0.2580264428383357,0.011647241403189387,0.96,0.01239354670786374,,,0.7026971428571428,,,,,,
N350_MNARmod_outcome_misspec_ALT,350,MNARmod,outcome_misspec,False,0.45,0.28,IPW,250,0.41382823521152323,-0.05025384179392143,0.02101148092942322,0.33534243542397063,0.013863276145101938,0.948,0.014042222046385685,,,0.7026971428571428,0.3573064495128304,0.7374862524340879,0.9256059840046086,2.9515995411315528,237.15597490541947,5.714285714285714e-05
N350_MNARmod_outcome_misspec_ALT,350,MNARmod,outcome_misspec,False,0.45,0.28,AIPW,250,0.41382823521152323,-0.03736831982717851,0.01638968371171411,0.2613105482697608,0.011469905843954261,0.936,0.01547953487673321,,,0.7026971428571428,0.3573064495128304,0.7374862524340879,0.9256059840046086,2.9515995411315528,237.15597490541947,5.714285714285714e-05
N350_MNARmod_outcome_misspec_NULL,350,MNARmod,outcome_misspec,True,0.0,0.0,CC,250,0.0,-0.06202184082817895,0.01873532659670688,0.30207418285637844,0.01584829520971337,0.952,0.013519763311537675,0.048,0.01351976331153767,0.7090171428571429,,,,,,
N350_MNARmod_outcome_misspec_NULL,350,MNARmod,outcome_misspec,True,0.0,0.0,OM,250,0.0,-0.057476635428407905,0.017988705053814502,0.2896175883625507,0.014286606431996309,0.932,0.01592180894245374,0.068,0.015921808942453743,0.7090171428571429,,,,,,
N350_MNARmod_outcome_misspec_NULL,350,MNARmod,outcome_misspec,True,0.0,0.0,IPW,250,0.0,-0.06382615395308043,0.022596568092282852,0.3622352763414781,0.020903518082460715,0.944,0.014541526742402262,0.056,0.014541526742402257,0.7090171428571429,0.385778480431377,0.7395232009485383,0.9210075845060645,2.730906957596258,240.7772377893653,4.5714285714285716e-05
N350_MNARmod_outcome_misspec_NULL,350,MNARmod,outcome_misspec,True,0.0,0.0,AIPW,250,0.0,-0.05679854882641298,0.018423332113773543,0.2962118288087292,0.01500842463008249,0.92,0.01715808847162177,0.08,0.017158088471621775,0.7090171428571429,0.385778480431377,0.7395232009485383,0.9210075845060645,2.730906957596258,240.7772377893653,4.5714285714285716e-05
N350_MNARstrong_both_misspec_ALT,350,MNARstrong,both_misspec,False,0.45,0.28,CC,250,0.41382823521152323,-0.2003093154396369,0.018771081747815808,0.35757495135664735,0.01562671065787479,0.884,0.020252802275240827,,,0.6515657142857143,,,,,,
N350_MNARstrong_both_misspec_ALT,350,MNARstrong,both_misspec,False,0.45,0.28,OM,250,0.41382823521152323,-0.15253937289081304,0.01782117320553022,0.31992064589969504,0.014566402196604366,0.888,0.0199455258140767,,,0.6515657142857143,,,,,,
N350_MNARstrong_both_misspec_ALT,350,MNARstrong,both_misspec,False,0.45,0.28,IPW,250,0.41382823521152323,-0.20101289702110647,0.021520389256174458,0.3946198753856652,0.018211993841692312,0.888,0.0199455258140767,,,0.6515657142857143,0.44025310657714534,0.6675637055706226,0.7963461671323554,2.3607355930464062,224.6447733312875,0.0
N350_MNARstrong_both_misspec_ALT,350,MNARstrong,both_misspec,False,0.45,0.28,AIPW,250,0.41382823521152323,-0.15624871347131675,0.017895550768724042,0.32273223274584856,0.015146995104023347,0.896,0.019306372005117894,,,0.6515657142857143,0.44025310657714534,0.6675637055706226,0.7963461671323554,2.3607355930464062,224.6447733312875,0.0
N350_MNARstrong_both_misspec_NULL,350,MNARstrong,both_misspec,True,0.0,0.0,CC,250,0.0,-0.15929292033994252,0.020108846797822412,0.35505112115787235,0.02181803022054105,0.912,0.01791714262933685,0.088,0.017917142629336854,0.6682057142857143,,,,,,
N350_MNARstrong_both_misspec_NULL,350,MNARstrong,both_misspec,True,0.0,0.0,OM,250,0.0,-0.14237546354216818,0.019472795112491493,0.33865767412332815,0.020678999519182024,0.912,0.01791714262933685,0.088,0.017917142629336854,0.6682057142857143,,,,,,
N350_MNARstrong_both_misspec_NULL,350,MNARstrong,both_misspec,True,0.0,0.0,IPW,250,0.0,-0.15771901569992064,0.0230235177011326,0.39606287048852357,0.021497340588550372,0.896,0.019306372005117894,0.104,0.019306372005117898,0.6682057142857143,0.46581132309033924,0.6817986629041846,0.80260193661298,2.246267828599148,230.8896645270889,0.0
N350_MNARstrong_both_misspec_NULL,350,MNARstrong,both_misspec,True,0.0,0.0,AIPW,250,0.0,-0.14245403507458856,0.019505878925210798,0.33916441581868934,0.020127147734373792,0.92,0.01715808847162177,0.08,0.017158088471621775,0.6682057142857143,0.46581132309033924,0.6817986629041846,0.80260193661298,2.246267828599148,230.8896645270889,0.0
N350_MNARstrong_correct_ALT,350,MNARstrong,correct,False,0.45,0.28,CC,250,0.41382823521152323,-0.18851795667972768,0.01781132114278212,0.3384266051046781,0.014944805876842117,0.896,0.019306372005117894,,,0.6501942857142857,,,,,,
N350_MNARstrong_correct_ALT,350,MNARstrong,correct,False,0.45,0.28,OM,250,0.41382823521152323,-0.1123408392078331,0.017677975411928986,0.30072521843943667,0.014139500669806867,0.932,0.01592180894245374,,,0.6501942857142857,,,,,,
N350_MNARstrong_correct_ALT,350,MNARstrong,correct,False,0.45,0.28,IPW,250,0.41382823521152323,-0.17668614987992354,0.02086261425313995,0.37362402927909366,0.01670253769209267,0.924,0.016759952267235128,,,0.6501942857142857,0.2886576593094387,0.6946467070182892,0.9222463097188955,3.6702039894866094,214.5100251341125,4.5714285714285716e-05
N350_MNARstrong_correct_ALT,350,MNARstrong,correct,False,0.45,0.28,AIPW,250,0.41382823521152323,-0.10897444120280605,0.017960982580972652,0.303647914135254,0.013807885347279539,0.924,0.016759952267235128,,,0.6501942857142857,0.2886576593094387,0.6946467070182892,0.9222463097188955,3.6702039894866094,214.5100251341125,4.5714285714285716e-05
N350_MNARstrong_correct_NULL,350,MNARstrong,correct,True,0.0,0.0,CC,250,0.0,-0.1217324902760667,0.019846181084828808,0.3359950210912582,0.015210526910539124,0.916,0.017543545821754502,0.084,0.01754354582175451,0.6657371428571429,,,,,,
N350_MNARstrong_correct_NULL,350,MNARstrong,correct,True,0.0,0.0,OM,250,0.0,-0.11715758414535275,0.018909811443379883,0.32056756036754,0.014668771679318607,0.924,0.016759952267235128,0.076,0.01675995226723513,0.6657371428571429,,,,,,
N350_MNARstrong_correct_NULL,350,MNARstrong,correct,True,0.0,0.0,IPW,250,0.0,-0.12466135820446303,0.02161677451837031,0.36317269230122373,0.01586997018171197,0.924,0.016759952267235128,0.076,0.01675995226723513,0.6657371428571429,0.3192352797388092,0.7040366633989011,0.9131462259827872,3.3554102830764987,222.2705637152173,0.0
N350_MNARstrong_correct_NULL,350,MNARstrong,correct,True,0.0,0.0,AIPW,250,0.0,-0.12160464801452414,0.018991817528404203,0.32341812649224594,0.014883834984382715,0.916,0.017543545821754502,0.084,0.01754354582175451,0.6657371428571429,0.3192352797388092,0.7040366633989011,0.9131462259827872,3.3554102830764987,222.2705637152173,0.0
N350_MNARstrong_missing_misspec_ALT,350,MNARstrong,missing_misspec,False,0.45,0.28,CC,250,0.41382823521152323,-0.18839822985488602,0.01889622521583349,0.3527090267301396,0.014607489826059358,0.88,0.020552372125864207,,,0.6515314285714285,,,,,,
N350_MNARstrong_missing_misspec_ALT,350,MNARstrong,missing_misspec,False,0.45,0.28,OM,250,0.41382823521152323,-0.12155891891541099,0.018053464224846712,0.3097297787214214,0.013969500643249946,0.916,0.017543545821754502,,,0.6515314285714285,,,,,,
N350_MNARstrong_missing_misspec_ALT,350,MNARstrong,missing_misspec,False,0.45,0.28,IPW,250,0.41382823521152323,-0.19113026270044814,0.021124525099085682,0.3842472145959625,0.01697783024847789,0.916,0.017543545821754502,,,0.6515314285714285,0.4390098859064275,0.6681884624014823,0.7957584849269892,2.3702843730606564,224.49887772654697,0.0
N350_MNARstrong_missing_misspec_ALT,350,MNARstrong,missing_misspec,False,0.45,0.28,AIPW,250,0.41382823521152323,-0.12428161551906135,0.01830701592859396,0.314479699148079,0.014173671069013648,0.904,0.018631586083852333,,,0.6515314285714285,0.4390098859064275,0.6681884624014823,0.7957584849269892,2.3702843730606564,224.49887772654697,0.0
N350_MNARstrong_missing_misspec_NULL,350,MNARstrong,missing_misspec,True,0.0,0.0,CC,250,0.0,-0.16924829195121768,0.018085126396116886,0.3317918952031861,0.015285435611711116,0.92,0.01715808847162177,0.08,0.017158088471621775,0.6681142857142858,,,,,,
N350_MNARstrong_missing_misspec_NULL,350,MNARstrong,missing_misspec,True,0.0,0.0,OM,250,0.0,-0.16364609714246361,0.017705582012266494,0.3237876867236326,0.015165731279222383,0.908,0.018279606122671238,0.092,0.01827960612267124,0.6681142857142858,,,,,,
N350_MNARstrong_missing_misspec_NULL,350,MNARstrong,missing_misspec,True,0.0,0.0,IPW,250,0.0,-0.17485593171878383,0.021547866833125727,0.38234529885525703,0.01810708743577716,0.908,0.018279606122671238,0.092,0.01827960612267124,0.6681142857142858,0.46982785341453065,0.6821302618952427,0.8031497527211469,2.200786748125799,231.05495579835184,0.0
N350_MNARstrong_missing_misspec_NULL,350,MNARstrong,missing_misspec,True,0.0,0.0,AIPW,250,0.0,-0.16512517963090154,0.017931730501879115,0.3276148923467169,0.015183378260395316,0.904,0.018631586083852333,0.096,0.018631586083852337,0.6681142857142858,0.46982785341453065,0.6821302618952427,0.8031497527211469,2.200786748125799,231.05495579835184,0.0
N350_MNARstrong_outcome_misspec_ALT,350,MNARstrong,outcome_misspec,False,0.45,0.28,CC,250,0.41382823521152323,-0.18149575462145037,0.019504156903405245,0.35730005728695274,0.015296362777857548,0.86,0.021945386758952325,,,0.6513142857142857,,,,,,
N350_MNARstrong_outcome_misspec_ALT,350,MNARstrong,outcome_misspec,False,0.45,0.28,OM,250,0.41382823521152323,-0.14584227702452918,0.018102788174513215,0.3207335245197048,0.014104421254973049,0.896,0.019306372005117894,,,0.6513142857142857,,,,,,
N350_MNARstrong_outcome_misspec_ALT,350,MNARstrong,outcome_misspec,False,0.45,0.28,IPW,250,0.41382823521152323,-0.13768187084493003,0.02297875314630908,0.3878582840458011,0.01797095310088345,0.904,0.018631586083852333,,,0.6513142857142857,0.2909934845904976,0.6947649132917633,0.9173823532480896,3.6972742028654424,215.10039095659292,1.1428571428571429e-05
N350_MNARstrong_outcome_misspec_ALT,350,MNARstrong,outcome_misspec,False,0.45,0.28,AIPW,250,0.41382823521152323,-0.10505288955965475,0.018405136924700194,0.30884401701159225,0.013959252146829916,0.92,0.01715808847162177,,,0.6513142857142857,0.2909934845904976,0.6947649132917633,0.9173823532480896,3.6972742028654424,215.10039095659292,1.1428571428571429e-05
N350_MNARstrong_outcome_misspec_NULL,350,MNARstrong,outcome_misspec,True,0.0,0.0,CC,250,0.0,-0.1860803703406983,0.01974113871012653,0.3628557992669719,0.01626728212182944,0.888,0.0199455258140767,0.112,0.0199455258140767,0.6672,,,,,,
N350_MNARstrong_outcome_misspec_NULL,350,MNARstrong,outcome_misspec,True,0.0,0.0,OM,250,0.0,-0.16422704854807726,0.01881202538414004,0.33924873756455054,0.015418914612757342,0.912,0.01791714262933685,0.088,0.017917142629336854,0.6672,,,,,,
N350_MNARstrong_outcome_misspec_NULL,350,MNARstrong,outcome_misspec,True,0.0,0.0,IPW,250,0.0,-0.18551888802343494,0.024632072809357093,0.43069161998340943,0.019690855898464785,0.9,0.018973665961010272,0.1,0.018973665961010275,0.6672,0.31870344287179075,0.7053297812133479,0.9179603988850186,3.3054296479502794,222.8513178387218,1.1428571428571429e-05
N350_MNARstrong_outcome_misspec_NULL,350,MNARstrong,outcome_misspec,True,0.0,0.0,AIPW,250,0.0,-0.1699594624119013,0.019420552448188425,0.35042620529029933,0.015722847359093763,0.904,0.018631586083852333,0.096,0.018631586083852337,0.6672,0.31870344287179075,0.7053297812133479,0.9179603988850186,3.3054296479502794,222.8513178387218,1.1428571428571429e-05
N350_MNARyOnly_both_misspec_ALT,350,MNARyOnly,both_misspec,False,0.45,0.28,CC,250,0.41382823521152323,-0.022407966426393477,0.018262393634310415,0.289045597184488,0.013461621372521947,0.94,0.015019986684414876,,,0.6707771428571428,,,,,,
N350_MNARyOnly_both_misspec_ALT,350,MNARyOnly,both_misspec,False,0.45,0.28,OM,250,0.41382823521152323,-0.004149154233798417,0.017544271312504797,0.27687502234160405,0.013233270186169795,0.952,0.013519763311537675,,,0.6707771428571428,,,,,,
N350_MNARyOnly_both_misspec_ALT,350,MNARyOnly,both_misspec,False,0.45,0.28,IPW,250,0.41382823521152323,-0.029709200859088784,0.021786863343875005,0.3450721993909276,0.015465917038053563,0.94,0.015019986684414876,,,0.6707771428571428,0.47383268535063877,0.6837577743400387,0.8007722497543094,2.1808175940808416,232.10704187397,0.0
N350_MNARyOnly_both_misspec_ALT,350,MNARyOnly,both_misspec,False,0.45,0.28,AIPW,250,0.41382823521152323,-0.008294063604952906,0.017433342916817248,0.2752185156555845,0.013159367571434958,0.952,0.013519763311537675,,,0.6707771428571428,0.47383268535063877,0.6837577743400387,0.8007722497543094,2.1808175940808416,232.10704187397,0.0
N350_MNARyOnly_both_misspec_NULL,350,MNARyOnly,both_misspec,True,0.0,0.0,CC,250,0.0,-7.901886045482853e-05,0.018218248814839987,0.2874791281536027,0.014062197825713317,0.944,0.014541526742402262,0.056,0.014541526742402257,0.6846857142857143,,,,,,
N350_MNARyOnly_both_misspec_NULL,350,MNARyOnly,both_misspec,True,0.0,0.0,OM,250,0.0,0.0035912839236637187,0.018129918235899073,0.28610782442127725,0.013609566748741397,0.932,0.01592180894245374,0.068,0.015921808942453743,0.6846857142857143,,,,,,
N350_MNARyOnly_both_misspec_NULL,350,MNARyOnly,both_misspec,True,0.0,0.0,IPW,250,0.0,0.009564894121149988,0.02110721138401809,0.3332034902721532,0.016368400830433213,0.948,0.014042222046385685,0.052,0.014042222046385677,0.6846857142857143,0.485198874715331,0.6975634919233199,0.8146658924311484,2.1376727386964083,237.0131512630472,0.0
N350_MNARyOnly_both_misspec_NULL,350,MNARyOnly,both_misspec,True,0.0,0.0,AIPW,250,0.0,0.004687261182442982,0.018123231940280256,0.28601818626047165,0.013845871555620752,0.932,0.01592180894245374,0.068,0.015921808942453743,0.6846857142857143,0.485198874715331,0.6975634919233199,0.8146658924311484,2.1376727386964083,237.0131512630472,0.0
N350_MNARyOnly_correct_ALT,350,MNARyOnly,correct,False,0.45,0.28,CC,250,0.41382823521152323,-0.012765533810297422,0.018541832892186517,0.29286353654373315,0.014742043358744527,0.944,0.014541526742402262,,,0.6728114285714286,,,,,,
N350_MNARyOnly_correct_ALT,350,MNARyOnly,correct,False,0.45,0.28,OM,250,0.41382823521152323,0.035626036974986945,0.01788656936842452,0.2844848433390385,0.013383874651806014,0.936,0.01547953487673321,,,0.6728114285714286,,,,,,
N350_MNARyOnly_correct_ALT,350,MNARyOnly,correct,False,0.45,0.28,IPW,250,0.41382823521152323,0.03868607576975912,0.022227830431603816,0.35287624946544727,0.019003935801734987,0.932,0.01592180894245374,,,0.6728114285714286,0.31863155129257004,0.71317696299253,0.9235230307121483,3.3881826128631447,224.1896550889624,1.1428571428571429e-05
N350_MNARyOnly_correct_ALT,350,MNARyOnly,correct,False,0.45,0.28,AIPW,250,0.41382823521152323,0.03767708185586429,0.01777503966710923,0.28300462761911305,0.013655550817727524,0.94,0.015019986684414876,,,0.6728114285714286,0.31863155129257004,0.71317696299253,0.9235230307121483,3.3881826128631447,224.1896550889624,1.1428571428571429e-05
N350_MNARyOnly_correct_NULL,350,MNARyOnly,correct,True,0.0,0.0,CC,250,0.0,0.030350274281945054,0.01839198001499218,0.29180319812861094,0.013125335393094503,0.932,0.01592180894245374,0.068,0.015921808942453743,0.6878285714285715,,,,,,
N350_MNARyOnly_correct_NULL,350,MNARyOnly,correct,True,0.0,0.0,OM,250,0.0,0.03818496798764176,0.01855530238086962,0.2952771649571774,0.012806962857778296,0.92,0.01715808847162177,0.08,0.017158088471621775,0.6878285714285715,,,,,,
N350_MNARyOnly_correct_NULL,350,MNARyOnly,correct,True,0.0,0.0,IPW,250,0.0,0.014560846884620506,0.020666390534040065,0.32643505171880227,0.015099077680901556,0.948,0.014042222046385685,0.052,0.014042222046385677,0.6878285714285715,0.3374522644996817,0.7243254227795528,0.921012902158468,3.140047676083644,230.99142724054107,0.0
N350_MNARyOnly_correct_NULL,350,MNARyOnly,correct,True,0.0,0.0,AIPW,250,0.0,0.036002696552746856,0.018784492233100573,0.29859273957092075,0.012773163538237436,0.92,0.01715808847162177,0.08,0.017158088471621775,0.6878285714285715,0.3374522644996817,0.7243254227795528,0.921012902158468,3.140047676083644,230.99142724054107,0.0
N350_MNARyOnly_missing_misspec_ALT,350,MNARyOnly,missing_misspec,False,0.45,0.28,CC,250,0.41382823521152323,-0.01561863331509059,0.01729127646886207,0.27329839726087746,0.013009813620432837,0.936,0.01547953487673321,,,0.67152,,,,,,
N350_MNARyOnly_missing_misspec_ALT,350,MNARyOnly,missing_misspec,False,0.45,0.28,OM,250,0.41382823521152323,0.0281366429719439,0.016565535104535754,0.2629096651881262,0.012538878669716747,0.936,0.01547953487673321,,,0.67152,,,,,,
N350_MNARyOnly_missing_misspec_ALT,350,MNARyOnly,missing_misspec,False,0.45,0.28,IPW,250,0.41382823521152323,-0.022296696202541155,0.020131424486906257,0.31845004534099003,0.01408823309253384,0.96,0.01239354670786374,,,0.67152,0.4813523267856085,0.6842149297820073,0.7969295453225753,2.147982664960184,232.5532448573506,0.0
N350_MNARyOnly_missing_misspec_ALT,350,MNARyOnly,missing_misspec,False,0.45,0.28,AIPW,250,0.41382823521152323,0.031461605987196224,0.01655392598632192,0.26310438342203457,0.012734520175791953,0.94,0.015019986684414876,,,0.67152,0.4813523267856085,0.6842149297820073,0.7969295453225753,2.147982664960184,232.5532448573506,0.0
N350_MNARyOnly_missing_misspec_NULL,350,MNARyOnly,missing_misspec,True,0.0,0.0,CC,250,0.0,0.014973956669594678,0.01752146822114108,0.27688929138887375,0.012095930524416987,0.964,0.011782020200288238,0.036,0.011782020200288235,0.6840914285714286,,,,,,
N350_MNARyOnly_missing_misspec_NULL,350,MNARyOnly,missing_misspec,True,0.0,0.0,OM,250,0.0,0.00610566272874536,0.016768485612617894,0.2646726741519796,0.011915656240752425,0.96,0.01239354670786374,0.04,0.012393546707863733,0.6840914285714286,,,,,,
N350_MNARyOnly_missing_misspec_NULL,350,MNARyOnly,missing_misspec,True,0.0,0.0,IPW,250,0.0,0.010059415356602791,0.020333569731922154,0.32101596890187395,0.013923707563907189,0.96,0.01239354670786374,0.04,0.012393546707863733,0.6840914285714286,0.4799551508628216,0.6979215871916445,0.8179629766429606,2.1640980111274604,236.61997150801955,0.0
N350_MNARyOnly_missing_misspec_NULL,350,MNARyOnly,missing_misspec,True,0.0,0.0,AIPW,250,0.0,0.0059024841734084624,0.01676379524401943,0.2645940706710678,0.0119730802965158,0.956,0.012971353052014278,0.044,0.012971353052014273,0.6840914285714286,0.4799551508628216,0.6979215871916445,0.8179629766429606,2.1640980111274604,236.61997150801955,0.0
N350_MNARyOnly_outcome_misspec_ALT,350,MNARyOnly,outcome_misspec,False,0.45,0.28,CC,250,0.41382823521152323,-0.0024222249822180163,0.016983459405319645,0.2680054152876905,0.014143170994334051,0.944,0.014541526742402262,,,0.6748,,,,,,
N350_MNARyOnly_outcome_misspec_ALT,350,MNARyOnly,outcome_misspec,False,0.45,0.28,OM,250,0.41382823521152323,0.008056921436461096,0.016322280057023728,0.2576872207187465,0.012699185443029587,0.948,0.014042222046385685,,,0.6748,,,,,,
N350_MNARyOnly_outcome_misspec_ALT,350,MNARyOnly,outcome_misspec,False,0.45,0.28,IPW,250,0.41382823521152323,0.03752490710189667,0.019894836162371733,0.3161699552914252,0.0143321209723705,0.964,0.011782020200288238,,,0.6748,0.31506534285408777,0.7131505004028741,0.9224853660654934,3.395854473877352,225.31355466971516,0.0
N350_MNARyOnly_outcome_misspec_ALT,350,MNARyOnly,outcome_misspec,False,0.45,0.28,AIPW,250,0.41382823521152323,0.046276771336329466,0.01654155552431745,0.26509183559131,0.013430961015941604,0.952,0.013519763311537675,,,0.6748,0.31506534285408777,0.7131505004028741,0.9224853660654934,3.395854473877352,225.31355466971516,0.0
N350_MNARyOnly_outcome_misspec_NULL,350,MNARyOnly,outcome_misspec,True,0.0,0.0,CC,250,0.0,0.01661318425113518,0.019920265925109218,0.31477520475444365,0.012866823241138447,0.916,0.017543545821754502,0.084,0.01754354582175451,0.6823314285714286,,,,,,
N350_MNARyOnly_outcome_misspec_NULL,350,MNARyOnly,outcome_misspec,True,0.0,0.0,OM,250,0.0,0.013594702117423476,0.019519409837966586,0.3083109609969546,0.012882535259244567,0.92,0.01715808847162177,0.08,0.017158088471621775,0.6823314285714286,,,,,,
N350_MNARyOnly_outcome_misspec_NULL,350,MNARyOnly,outcome_misspec,True,0.0,0.0,IPW,250,0.0,0.009143921078536284,0.02253976611415598,0.3557890306859153,0.014575629338440702,0.932,0.01592180894245374,0.068,0.015921808942453743,0.6823314285714286,0.33542733011179204,0.7182330758624464,0.9203160682819048,3.145598276226552,229.093491635559,1.1428571428571429e-05
N350_MNARyOnly_outcome_misspec_NULL,350,MNARyOnly,outcome_misspec,True,0.0,0.0,AIPW,250,0.0,0.019006546432811317,0.01956056416348053,0.3092451304957261,0.013029856697777082,0.928,0.01634821091128934,0.072,0.016348210911289345,0.6823314285714286,0.33542733011179204,0.7182330758624464,0.9203160682819048,3.145598276226552,229.093491635559,1.1428571428571429e-05
N700_MAR_both_misspec_ALT,700,MAR,both_misspec,False,0.45,0.28,CC,250,0.41382823521152323,-0.0035168963213283197,0.011739195489998796,0.18527476227777107,0.00871742514645886,0.936,0.01547953487673321,,,0.7686057142857142,,,,,,
N700_MAR_both_misspec_ALT,700,MAR,both_misspec,False,0.45,0.28,OM,250,0.41382823521152323,-0.0038786386132247273,0.0106443368282115,0.1680095787718203,0.007476816937869427,0.936,0.01547953487673321,,,0.7686057142857142,,,,,,
N700_MAR_both_misspec_ALT,700,MAR,both_misspec,False,0.45,0.28,IPW,250,0.41382823521152323,-0.013321426051736163,0.014395507367984197,0.22754755075608268,0.010999651084831858,0.928,0.01634821091128934,,,0.7686057142857142,0.6226807562275541,0.7747790368179455,0.8514659941414724,1.6293522019725095,536.3556282953456,0.0
N700_MAR_both_misspec_ALT,700,MAR,both_misspec,False,0.45,0.28,AIPW,250,0.41382823521152323,-0.005724450258527106,0.01064337152663045,0.16804709856698036,0.007381509027819955,0.94,0.015019986684414876,,,0.7686057142857142,0.6226807562275541,0.7747790368179455,0.8514659941414724,1.6293522019725095,536.3556282953456,0.0
N700_MAR_both_misspec_NULL,700,MAR,both_misspec,True,0.0,0.0,CC,250,0.0,0.014033500626093667,0.01122557035897204,0.1776915394187249,0.008589651455000008,0.964,0.011782020200288238,0.036,0.011782020200288235,0.7703085714285715,,,,,,
N700_MAR_both_misspec_NULL,700,MAR,both_misspec,True,0.0,0.0,OM,250,0.0,0.009951186319338909,0.01062528251821853,0.16795918143572952,0.007933483662421586,0.952,0.013519763311537675,0.048,0.01351976331153767,0.7703085714285715,,,,,,
N700_MAR_both_misspec_NULL,700,MAR,both_misspec,True,0.0,0.0,IPW,250,0.0,0.02287960673614183,0.013156390827645113,0.2088612953307215,0.009938459996066051,0.968,0.011131217363792701,0.032,0.011131217363792696,0.7703085714285715,0.6346316197071825,0.7763071150099025,0.8478860677267767,1.5920833942490025,537.7481349293506,0.0
N700_MAR_both_misspec_NULL,700,MAR,both_misspec,True,0.0,0.0,AIPW,250,0.0,0.010144358569971956,0.01065483843357257,0.1684362726378568,0.007935864608541095,0.96,0.01239354670786374,0.04,0.012393546707863733,0.7703085714285715,0.6346316197071825,0.7763071150099025,0.8478860677267767,1.5920833942490025,537.7481349293506,0.0
N700_MAR_correct_ALT,700,MAR,correct,False,0.45,0.28,CC,250,0.41382823521152323,-0.02334434900987944,0.010912391464379752,0.17376981962121676,0.0076983858300862015,0.956,0.012971353052014278,,,0.7699600000000001,,,,,,
N700_MAR_correct_ALT,700,MAR,correct,False,0.45,0.28,OM,250,0.41382823521152323,-0.007792347368771386,0.010303557250742537,0.16277401632425412,0.006870571322524945,0.968,0.011131217363792701,,,0.7699600000000001,,,,,,
N700_MAR_correct_ALT,700,MAR,correct,False,0.45,0.28,IPW,250,0.41382823521152323,-0.019857378828682697,0.013872481369946671,0.21980287667468248,0.009732225566773937,0.964,0.011782020200288238,,,0.7699600000000001,0.4843981836236319,0.7872142520879333,0.9281820946918841,2.1090204197114977,532.7206393065696,0.0
N700_MAR_correct_ALT,700,MAR,correct,False,0.45,0.28,AIPW,250,0.41382823521152323,-0.007699660226151199,0.010236160161322425,0.16170729576865422,0.0068307782893975546,0.968,0.011131217363792701,,,0.7699600000000001,0.4843981836236319,0.7872142520879333,0.9281820946918841,2.1090204197114977,532.7206393065696,0.0
N700_MAR_correct_NULL,700,MAR,correct,True,0.0,0.0,CC,250,0.0,-0.012530942967297563,0.010971068230911745,0.1735734562810587,0.007227251018025329,0.96,0.01239354670786374,0.04,0.012393546707863733,0.770457142857143,,,,,,
N700_MAR_correct_NULL,700,MAR,correct,True,0.0,0.0,OM,250,0.0,-0.012627785810509832,0.010416418050766008,0.164852662888862,0.006787714940848167,0.96,0.01239354670786374,0.04,0.012393546707863733,0.770457142857143,,,,,,
N700_MAR_correct_NULL,700,MAR,correct,True,0.0,0.0,IPW,250,0.0,-0.014206811060356504,0.01342926637477872,0.21238593909750833,0.009440316133903998,0.964,0.011782020200288238,0.036,0.011782020200288235,0.770457142857143,0.48288750739627206,0.7881452686741156,0.9301793241091676,2.116002772784132,532.9045754075046,2.2857142857142858e-05
N700_MAR_correct_NULL,700,MAR,correct,True,0.0,0.0,AIPW,250,0.0,-0.012202439345842362,0.01036877312152815,0.16407087517708435,0.006753840312641531,0.96,0.01239354670786374,0.04,0.012393546707863733,0.770457142857143,0.48288750739627206,0.7881452686741156,0.9301793241091676,2.116002772784132,532.9045754075046,2.2857142857142858e-05
N700_MAR_missing_misspec_ALT,700,MAR,missing_misspec,False,0.45,0.28,CC,250,0.41382823521152323,-0.0008814530839193947,0.011328619059522316,0.17876476665911112,0.008131554051619293,0.936,0.01547953487673321,,,0.7693942857142857,,,,,,
N700_MAR_missing_misspec_ALT,700,MAR,missing_misspec,False,0.45,0.28,OM,250,0.41382823521152323,0.007706933104470034,0.010424077303771076,0.16466961571276773,0.0070914897640251655,0.944,0.014541526742402262,,,0.7693942857142857,,,,,,
N700_MAR_missing_misspec_ALT,700,MAR,missing_misspec,False,0.45,0.28,IPW,250,0.41382823521152323,0.0013242310164665394,0.01346804964045441,0.2125263642612447,0.009628496858165142,0.948,0.014042222046385685,,,0.7693942857142857,0.6255820848005009,0.7755529817983936,0.8510964748519082,1.6219130755473363,536.938221573583,0.0
N700_MAR_missing_misspec_ALT,700,MAR,missing_misspec,False,0.45,0.28,AIPW,250,0.41382823521152323,0.007864979891570553,0.01043273373104098,0.1648135287265341,0.007043598834493452,0.94,0.015019986684414876,,,0.7693942857142857,0.6255820848005009,0.7755529817983936,0.8510964748519082,1.6219130755473363,536.938221573583,0.0
N700_MAR_missing_misspec_NULL,700,MAR,missing_misspec,True,0.0,0.0,CC,250,0.0,0.0045672180407986766,0.011109671339669027,0.17536714060000688,0.008023719490108558,0.94,0.015019986684414876,0.06,0.01501998668441487,0.7692228571428571,,,,,,
N700_MAR_missing_misspec_NULL,700,MAR,missing_misspec,True,0.0,0.0,OM,250,0.0,0.005062507444330583,0.01079505643888812,0.1704183282918832,0.00785844257683279,0.948,0.014042222046385685,0.052,0.014042222046385677,0.7692228571428571,,,,,,
N700_MAR_missing_misspec_NULL,700,MAR,missing_misspec,True,0.0,0.0,IPW,250,0.0,0.014360842411611539,0.013845205916352769,0.21894514332237963,0.009916387076094834,0.936,0.01547953487673321,0.064,0.015479534876733215,0.7692228571428571,0.6215129535458299,0.7757235875882199,0.8524223827588333,1.6281410802351264,536.8076349015479,0.0
N700_MAR_missing_misspec_NULL,700,MAR,missing_misspec,True,0.0,0.0,AIPW,250,0.0,0.004737765527387382,0.010848213065179437,0.1712474653020226,0.008000983687340105,0.944,0.014541526742402262,0.056,0.014541526742402257,0.7692228571428571,0.6215129535458299,0.7757235875882199,0.8524223827588333,1.6281410802351264,536.8076349015479,0.0
N700_MAR_outcome_misspec_ALT,700,MAR,outcome_misspec,False,0.45,0.28,CC,250,0.41382823521152323,0.0014168810291236374,0.011497991652182078,0.1814407802789363,0.007081286896422234,0.956,0.012971353052014278,,,0.7687028571428571,,,,,,
N700_MAR_outcome_misspec_ALT,700,MAR,outcome_misspec,False,0.45,0.28,OM,250,0.41382823521152323,-0.0038088056592651565,0.010705101508922461,0.1689665865824282,0.006685081667656069,0.948,0.014042222046385685,,,0.7687028571428571,,,,,,
N700_MAR_outcome_misspec_ALT,700,MAR,outcome_misspec,False,0.45,0.28,IPW,250,0.41382823521152323,0.022934145237432917,0.014767236909163466,0.2341489381028243,0.009073723648961737,0.94,0.015019986684414876,,,0.7687028571428571,0.49525614054835654,0.785980896466862,0.9274067763666184,2.064205788124689,531.8551004534188,0.0
N700_MAR_outcome_misspec_ALT,700,MAR,outcome_misspec,False,0.45,0.28,AIPW,250,0.41382823521152323,0.011470785100713863,0.010755060367736661,0.17009920183742208,0.006742236662175486,0.948,0.014042222046385685,,,0.7687028571428571,0.49525614054835654,0.785980896466862,0.9274067763666184,2.064205788124689,531.8551004534188,0.0
N700_MAR_outcome_misspec_NULL,700,MAR,outcome_misspec,True,0.0,0.0,CC,250,0.0,-0.015322709631211347,0.011927164271111608,0.18883018845092714,0.008209328280048448,0.948,0.014042222046385685,0.052,0.014042222046385677,0.7678914285714286,,,,,,
N700_MAR_outcome_misspec_NULL,700,MAR,outcome_misspec,True,0.0,0.0,OM,250,0.0,-0.012607516810177044,0.011382550634177578,0.18005555186131691,0.007825309227408355,0.94,0.015019986684414876,0.06,0.01501998668441487,0.7678914285714286,,,,,,
N700_MAR_outcome_misspec_NULL,700,MAR,outcome_misspec,True,0.0,0.0,IPW,250,0.0,-0.02587523853108489,0.01541028443845972,0.24454297724760932,0.011524346023799599,0.94,0.015019986684414876,0.06,0.01501998668441487,0.7678914285714286,0.49488154470371853,0.7845212825880492,0.9243496351732192,2.0628138941917595,531.5292484605401,0.0
N700_MAR_outcome_misspec_NULL,700,MAR,outcome_misspec,True,0.0,0.0,AIPW,250,0.0,-0.0129752971080946,0.011435901461439527,0.1809213615130791,0.007852403594073977,0.944,0.014541526742402262,0.056,0.014541526742402257,0.7678914285714286,0.49488154470371853,0.7845212825880492,0.9243496351732192,2.0628138941917595,531.5292484605401,0.0
N700_MNARintStrong_both_misspec_ALT,700,MNARintStrong,both_misspec,False,0.45,0.28,CC,250,0.41382823521152323,-0.3707542978204554,0.012100757702555247,0.4170364555519703,0.011902917729425075,0.54,0.03152142128775287,,,0.6643028571428572,,,,,,
N700_MNARintStrong_both_misspec_ALT,700,MNARintStrong,both_misspec,False,0.45,0.28,OM,250,0.41382823521152323,-0.303612107036494,0.011726942688609366,0.35556024322159485,0.011804743255665887,0.62,0.03069853416695983,,,0.6643028571428572,,,,,,
N700_MNARintStrong_both_misspec_ALT,700,MNARintStrong,both_misspec,False,0.45,0.28,IPW,250,0.41382823521152323,-0.37271225190742835,0.013732523310611497,0.4311280432128626,0.013436306838985404,0.628,0.030569003909188798,,,0.6643028571428572,0.4367486552863558,0.6815794461822976,0.8165206182207843,2.354816981959842,458.30294114678304,0.0
N700_MNARintStrong_both_misspec_ALT,700,MNARintStrong,both_misspec,False,0.45,0.28,AIPW,250,0.41382823521152323,-0.3072814889590941,0.011750929668010293,0.3588940179558395,0.011822802025818802,0.608,0.030876269204682096,,,0.6643028571428572,0.4367486552863558,0.6815794461822976,0.8165206182207843,2.354816981959842,458.30294114678304,0.0
N700_MNARintStrong_both_misspec_NULL,700,MNARintStrong,both_misspec,True,0.0,0.0,CC,250,0.0,-0.3511949114920194,0.01197710920252473,0.3988197599484494,0.010664615033660046,0.544,0.03150009523795126,0.456,0.03150009523795127,0.6823771428571429,,,,,,
N700_MNARintStrong_both_misspec_NULL,700,MNARintStrong,both_misspec,True,0.0,0.0,OM,250,0.0,-0.3120462210162316,0.011880377734650161,0.364029592828503,0.01038528675732896,0.628,0.030569003909188798,0.372,0.030569003909188798,0.6823771428571429,,,,,,
N700_MNARintStrong_both_misspec_NULL,700,MNARintStrong,both_misspec,True,0.0,0.0,IPW,250,0.0,-0.3452318649577275,0.013061734443499996,0.4020779257104854,0.01203576041661104,0.692,0.02919835611811049,0.308,0.029198356118110485,0.6823771428571429,0.4680206414756979,0.6950410901753736,0.820643508923913,2.1840766828342826,472.60131245602594,0.0
N700_MNARintStrong_both_misspec_NULL,700,MNARintStrong,both_misspec,True,0.0,0.0,AIPW,250,0.0,-0.3128260162723259,0.011875390770878957,0.36465780951615684,0.010339964132661594,0.644,0.030282932486798565,0.356,0.030282932486798565,0.6823771428571429,0.4680206414756979,0.6950410901753736,0.820643508923913,2.1840766828342826,472.60131245602594,0.0
N700_MNARintStrong_correct_ALT,700,MNARintStrong,correct,False,0.45,0.28,CC,250,0.41382823521152323,-0.3868882656021319,0.01269177994979574,0.43565097079639453,0.012033146172590613,0.484,0.03160658159307963,,,0.6690342857142857,,,,,,
N700_MNARintStrong_correct_ALT,700,MNARintStrong,correct,False,0.45,0.28,OM,250,0.41382823521152323,-0.29156812595159753,0.012299454902784763,0.3502568246393352,0.011300665311512028,0.656,0.030044234055805117,,,0.6690342857142857,,,,,,
N700_MNARintStrong_correct_ALT,700,MNARintStrong,correct,False,0.45,0.28,IPW,250,0.41382823521152323,-0.33763328291913863,0.015569207263971804,0.4175570466739302,0.013554285434074604,0.688,0.029302286600195557,,,0.6690342857142857,0.273518797200536,0.7107416193967651,0.9348274387628756,3.846053052375141,444.6059079182268,1.7142857142857145e-05
N700_MNARintStrong_correct_ALT,700,MNARintStrong,correct,False,0.45,0.28,AIPW,250,0.41382823521152323,-0.295330065622161,0.012368322083835613,0.35399254238132527,0.011169872055258465,0.652,0.030126134833396732,,,0.6690342857142857,0.273518797200536,0.7107416193967651,0.9348274387628756,3.846053052375141,444.6059079182268,1.7142857142857145e-05
N700_MNARintStrong_correct_NULL,700,MNARintStrong,correct,True,0.0,0.0,CC,250,0.0,-0.3746023817465781,0.012640090135071502,0.4243938526737508,0.011467435162497139,0.532,0.03155794670126686,0.468,0.03155794670126687,0.6828342857142856,,,,,,
N700_MNARintStrong_correct_NULL,700,MNARintStrong,correct,True,0.0,0.0,OM,250,0.0,-0.34823560954873856,0.01229215824727814,0.3986116295310981,0.011054555229850214,0.576,0.03125533554451143,0.424,0.03125533554451144,0.6828342857142856,,,,,,
N700_MNARintStrong_correct_NULL,700,MNARintStrong,correct,True,0.0,0.0,IPW,250,0.0,-0.3741317895993341,0.015521396581947336,0.44717124259109947,0.013358426920081169,0.64,0.030357865537616442,0.36,0.030357865537616442,0.6828342857142856,0.3156246955495617,0.7169323018818387,0.9271608658235955,3.3496005331781733,459.977896587829,0.0
N700_MNARintStrong_correct_NULL,700,MNARintStrong,correct,True,0.0,0.0,AIPW,250,0.0,-0.3506180194830676,0.012359732162775779,0.4012118859044205,0.01101567326196951,0.56,0.031394266992557734,0.44,0.031394266992557734,0.6828342857142856,0.3156246955495617,0.7169323018818387,0.9271608658235955,3.3496005331781733,459.977896587829,0.0
N700_MNARintStrong_missing_misspec_ALT,700,MNARintStrong,missing_misspec,False,0.45,0.28,CC,250,0.41382823521152323,-0.3593626921474996,0.012313432317435459,0.40852793998829323,0.010995412290291863,0.52,0.0315974682530104,,,0.6656228571428572,,,,,,
N700_MNARintStrong_missing_misspec_ALT,700,MNARintStrong,missing_misspec,False,0.45,0.28,OM,250,0.41382823521152323,-0.26515389819245594,0.011863655066619905,0.3245803772566197,0.010284841896695608,0.692,0.02919835611811049,,,0.6656228571428572,,,,,,
N700_MNARintStrong_missing_misspec_ALT,700,MNARintStrong,missing_misspec,False,0.45,0.28,IPW,250,0.41382823521152323,-0.35676662708237394,0.014124623054433853,0.4206651463227788,0.012621437859337099,0.616,0.030759973992186666,,,0.6656228571428572,0.44141446472564533,0.6826486996870987,0.8166822628929983,2.3189742371747086,459.28381494413657,0.0
N700_MNARintStrong_missing_misspec_ALT,700,MNARintStrong,missing_misspec,False,0.45,0.28,AIPW,250,0.41382823521152323,-0.2698097931963267,0.011895018224964278,0.32867719374658544,0.010460506824709741,0.692,0.02919835611811049,,,0.6656228571428572,0.44141446472564533,0.6826486996870987,0.8166822628929983,2.3189742371747086,459.28381494413657,0.0
N700_MNARintStrong_missing_misspec_NULL,700,MNARintStrong,missing_misspec,True,0.0,0.0,CC,250,0.0,-0.3559905500762703,0.01204976170065559,0.4035879882345478,0.011019588701979156,0.572,0.031293194148248916,0.428,0.031293194148248916,0.6820114285714286,,,,,,
N700_MNARintStrong_missing_misspec_NULL,700,MNARintStrong,missing_misspec,True,0.0,0.0,OM,250,0.0,-0.3273928969904771,0.01173253609259016,0.376113755913867,0.010843177641883242,0.612,0.030819214785584657,0.388,0.030819214785584657,0.6820114285714286,,,,,,
N700_MNARintStrong_missing_misspec_NULL,700,MNARintStrong,missing_misspec,True,0.0,0.0,IPW,250,0.0,-0.3392818107202386,0.014033018316991452,0.40515012310719245,0.012324648230141884,0.704,0.028871023535718302,0.296,0.0288710235357183,0.6820114285714286,0.4624092185298882,0.6952833269565576,0.8231106768129841,2.2090759123492445,472.1240502033705,0.0
N700_MNARintStrong_missing_misspec_NULL,700,MNARintStrong,missing_misspec,True,0.0,0.0,AIPW,250,0.0,-0.3289958357698908,0.011847488458126028,0.3784027519224997,0.010883312642585867,0.6,0.030983866769659335,0.4,0.030983866769659335,0.6820114285714286,0.4624092185298882,0.6952833269565576,0.8231106768129841,2.2090759123492445,472.1240502033705,0.0
N700_MNARintStrong_outcome_misspec_ALT,700,MNARintStrong,outcome_misspec,False,0.45,0.28,CC,250,0.41382823521152323,-0.38810830776472655,0.013295182880605067,0.44118223969846576,0.01235152626435154,0.476,0.0315863261554743,,,0.6662,,,,,,
N700_MNARintStrong_outcome_misspec_ALT,700,MNARintStrong,outcome_misspec,False,0.45,0.28,OM,250,0.41382823521152323,-0.3251572948515524,0.012330289972027206,0.3789251153499248,0.011290894166496762,0.56,0.031394266992557734,,,0.6662,,,,,,
N700_MNARintStrong_outcome_misspec_ALT,700,MNARintStrong,outcome_misspec,False,0.45,0.28,IPW,250,0.41382823521152323,-0.3376208026263587,0.01560184903219476,0.4178502267304547,0.013337942029819104,0.704,0.028871023535718302,,,0.6662,0.2703293677731496,0.7082625560833207,0.9337192633041984,3.939833040927699,442.4820092272256,5.7142857142857145e-06
N700_MNARintStrong_outcome_misspec_ALT,700,MNARintStrong,outcome_misspec,False,0.45,0.28,AIPW,250,0.41382823521152323,-0.29880509751033746,0.012661993942000302,0.35945192008721855,0.011546220853362736,0.652,0.030126134833396732,,,0.6662,0.2703293677731496,0.7082625560833207,0.9337192633041984,3.939833040927699,442.4820092272256,5.7142857142857145e-06
N700_MNARintStrong_outcome_misspec_NULL,700,MNARintStrong,outcome_misspec,True,0.0,0.0,CC,250,0.0,-0.37087998533002425,0.012342212642822606,0.41890593996223174,0.011887447020811627,0.556,0.03142381262673261,0.444,0.03142381262673261,0.68436,,,,,,
N700_MNARintStrong_outcome_misspec_NULL,700,MNARintStrong,outcome_misspec,True,0.0,0.0,OM,250,0.0,-0.33361288778187576,0.012105025657330997,0.3844267664837585,0.011663844332084589,0.62,0.03069853416695983,0.38,0.03069853416695983,0.68436,,,,,,
N700_MNARintStrong_outcome_misspec_NULL,700,MNARintStrong,outcome_misspec,True,0.0,0.0,IPW,250,0.0,-0.36198651637864215,0.014808961494725867,0.4308610771901554,0.013015940431896224,0.66,0.029959973297718406,0.34,0.029959973297718406,0.68436,0.32130332247595167,0.7175904279366307,0.9260852420972817,3.2281339064007732,462.0046504298566,0.0
N700_MNARintStrong_outcome_misspec_NULL,700,MNARintStrong,outcome_misspec,True,0.0,0.0,AIPW,250,0.0,-0.3434875546203979,0.01235633645797052,0.3949693453852857,0.011989032530505442,0.612,0.030819214785584657,0.388,0.030819214785584657,0.68436,0.32130332247595167,0.7175904279366307,0.9260852420972817,3.2281339064007732,462.0046504298566,0.0
N700_MNARmod_both_misspec_ALT,700,MNARmod,both_misspec,False,0.45,0.28,CC,250,0.41382823521152323,-0.10554854163848093,0.011303462302236866,0.20725537721978296,0.008820508522478569,0.924,0.016759952267235128,,,0.7029828571428571,,,,,,
N700_MNARmod_both_misspec_ALT,700,MNARmod,both_misspec,False,0.45,0.28,OM,250,0.41382823521152323,-0.08917984993368226,0.01058392353906759,0.18933009683333635,0.008564566163382185,0.924,0.016759952267235128,,,0.7029828571428571,,,,,,
N700_MNARmod_both_misspec_ALT,700,MNARmod,both_misspec,False,0.45,0.28,IPW,250,0.41382823521152323,-0.09783025816544295,0.013315367300029713,0.23177189646300445,0.00969440706662613,0.956,0.012971353052014278,,,0.7029828571428571,0.5216916985656916,0.7123639794993274,0.8165587313317296,1.951008355875838,488.90273632565993,0.0
N700_MNARmod_both_misspec_ALT,700,MNARmod,both_misspec,False,0.45,0.28,AIPW,250,0.41382823521152323,-0.09045196987783426,0.01062764960730316,0.19053961782922674,0.00850037863765736,0.916,0.017543545821754502,,,0.7029828571428571,0.5216916985656916,0.7123639794993274,0.8165587313317296,1.951008355875838,488.90273632565993,0.0
N700_MNARmod_both_misspec_NULL,700,MNARmod,both_misspec,True,0.0,0.0,CC,250,0.0,-0.07204915132443036,0.01258708092241772,0.211284872002934,0.010123458149764598,0.928,0.01634821091128934,0.072,0.016348210911289345,0.71124,,,,,,
N700_MNARmod_both_misspec_NULL,700,MNARmod,both_misspec,True,0.0,0.0,OM,250,0.0,-0.06263874971740306,0.011890804338479626,0.19781311557210998,0.008761680550316292,0.928,0.01634821091128934,0.072,0.016348210911289345,0.71124,,,,,,
N700_MNARmod_both_misspec_NULL,700,MNARmod,both_misspec,True,0.0,0.0,IPW,250,0.0,-0.07774920557150937,0.01382343809998162,0.23157226032515782,0.011366354434794008,0.948,0.014042222046385685,0.052,0.014042222046385677,0.71124,0.5256890527484147,0.7204743687049752,0.8199787066006589,1.94007307201624,494.85401216277495,0.0
N700_MNARmod_both_misspec_NULL,700,MNARmod,both_misspec,True,0.0,0.0,AIPW,250,0.0,-0.06410495662675723,0.01190783986211423,0.19853667509902506,0.008706745894565594,0.928,0.01634821091128934,0.072,0.016348210911289345,0.71124,0.5256890527484147,0.7204743687049752,0.8199787066006589,1.94007307201624,494.85401216277495,0.0
N700_MNARmod_correct_ALT,700,MNARmod,correct,False,0.45,0.28,CC,250,0.41382823521152323,-0.06253596654747899,0.011036178088711036,0.1850358251438301,0.007989762002362885,0.952,0.013519763311537675,,,0.7011942857142857,,,,,,
N700_MNARmod_correct_ALT,700,MNARmod,correct,False,0.45,0.28,OM,250,0.41382823521152323,-0.014448480642788303,0.010882364460671175,0.17232758572077167,0.008387047093841445,0.936,0.01547953487673321,,,0.7011942857142857,,,,,,
N700_MNARmod_correct_ALT,700,MNARmod,correct,False,0.45,0.28,IPW,250,0.41382823521152323,-0.04691463141610858,0.01436333709117531,0.23145418615181215,0.010332521628874504,0.944,0.014541526742402262,,,0.7011942857142857,0.3472029094263892,0.7311881115804207,0.9268888031971081,3.0349822531790243,475.9436368911436,5.7142857142857145e-06
N700_MNARmod_correct_ALT,700,MNARmod,correct,False,0.45,0.28,AIPW,250,0.41382823521152323,-0.015524301107179568,0.011033436812223006,0.1747954495097241,0.008481517348333164,0.932,0.01592180894245374,,,0.7011942857142857,0.3472029094263892,0.7311881115804207,0.9268888031971081,3.0349822531790243,475.9436368911436,5.7142857142857145e-06
N700_MNARmod_correct_NULL,700,MNARmod,correct,True,0.0,0.0,CC,250,0.0,-0.08569107918074777,0.012953214693001995,0.22163397302992355,0.01079009531343126,0.912,0.01791714262933685,0.088,0.017917142629336854,0.7111085714285714,,,,,,
N700_MNARmod_correct_NULL,700,MNARmod,correct,True,0.0,0.0,OM,250,0.0,-0.08190599821248055,0.01232105321620276,0.21097125936949673,0.010124041186468216,0.928,0.01634821091128934,0.072,0.016348210911289345,0.7111085714285714,,,,,,
N700_MNARmod_correct_NULL,700,MNARmod,correct,True,0.0,0.0,IPW,250,0.0,-0.06947888357521363,0.01533175869331534,0.25171006852277616,0.01116151199327828,0.92,0.01715808847162177,0.08,0.017158088471621775,0.7111085714285714,0.3728214509553702,0.7375148495060255,0.9243487922845183,2.767126668755015,485.34490227992046,0.0
N700_MNARmod_correct_NULL,700,MNARmod,correct,True,0.0,0.0,AIPW,250,0.0,-0.08174862726840415,0.012248999613001802,0.20986256919369572,0.009990104958832464,0.936,0.01547953487673321,0.064,0.015479534876733215,0.7111085714285714,0.3728214509553702,0.7375148495060255,0.9243487922845183,2.767126668755015,485.34490227992046,0.0
N700_MNARmod_missing_misspec_ALT,700,MNARmod,missing_misspec,False,0.45,0.28,CC,250,0.41382823521152323,-0.08972733536412686,0.01149746822487961,0.20240243781015443,0.008841250630447467,0.92,0.01715808847162177,,,0.7042971428571428,,,,,,
N700_MNARmod_missing_misspec_ALT,700,MNARmod,missing_misspec,False,0.45,0.28,OM,250,0.41382823521152323,-0.04665856883641759,0.0106910865597759,0.17503586967016024,0.00834910878895102,0.948,0.014042222046385685,,,0.7042971428571428,,,,,,
N700_MNARmod_missing_misspec_ALT,700,MNARmod,missing_misspec,False,0.45,0.28,IPW,250,0.41382823521152323,-0.08646825758733742,0.013871143357795398,0.2353433777807769,0.011129846664504945,0.944,0.014541526742402262,,,0.7042971428571428,0.5172749061133446,0.7138432940694431,0.8210207384381004,1.9710310711316203,489.6902490928656,0.0
N700_MNARmod_missing_misspec_ALT,700,MNARmod,missing_misspec,False,0.45,0.28,AIPW,250,0.41382823521152323,-0.04700348315215178,0.010691341361445785,0.17513200071679652,0.008132823306084778,0.948,0.014042222046385685,,,0.7042971428571428,0.5172749061133446,0.7138432940694431,0.8210207384381004,1.9710310711316203,489.6902490928656,0.0
N700_MNARmod_missing_misspec_NULL,700,MNARmod,missing_misspec,True,0.0,0.0,CC,250,0.0,-0.07478384211500898,0.012497018219102023,0.21090356485668038,0.00936454536746431,0.908,0.018279606122671238,0.092,0.01827960612267124,0.7088,,,,,,
N700_MNARmod_missing_misspec_NULL,700,MNARmod,missing_misspec,True,0.0,0.0,OM,250,0.0,-0.06780014681382665,0.012126554947816965,0.2030101975238684,0.009061171249477086,0.92,0.01715808847162177,0.08,0.017158088471621775,0.7088,,,,,,
N700_MNARmod_missing_misspec_NULL,700,MNARmod,missing_misspec,True,0.0,0.0,IPW,250,0.0,-0.07293289579563875,0.014237068156206118,0.23619915452974763,0.010068106805508337,0.936,0.01547953487673321,0.064,0.015479534876733215,0.7088,0.5250040107605956,0.7178886537468595,0.8201948792390383,1.9397802389952312,493.0982994765697,0.0
N700_MNARmod_missing_misspec_NULL,700,MNARmod,missing_misspec,True,0.0,0.0,AIPW,250,0.0,-0.06811640936593931,0.012213863737439087,0.2044144897180576,0.009050973676832328,0.916,0.017543545821754502,0.084,0.01754354582175451,0.7088,0.5250040107605956,0.7178886537468595,0.8201948792390383,1.9397802389952312,493.0982994765697,0.0
N700_MNARmod_outcome_misspec_ALT,700,MNARmod,outcome_misspec,False,0.45,0.28,CC,250,0.41382823521152323,-0.07831287814158648,0.0124450515561007,0.2114186714391283,0.00929233565177906,0.888,0.0199455258140767,,,0.7008171428571428,,,,,,
N700_MNARmod_outcome_misspec_ALT,700,MNARmod,outcome_misspec,False,0.45,0.28,OM,250,0.41382823521152323,-0.06077414963097337,0.011639482630439249,0.19346164654405762,0.008139065520643628,0.924,0.016759952267235128,,,0.7008171428571428,,,,,,
N700_MNARmod_outcome_misspec_ALT,700,MNARmod,outcome_misspec,False,0.45,0.28,IPW,250,0.41382823521152323,-0.05316423871745285,0.015298681448156609,0.2471938513341239,0.01101434778010831,0.924,0.016759952267235128,,,0.7008171428571428,0.3492600403840102,0.7296064642378246,0.9239095162714674,2.9589253399530913,476.4229968584006,0.0
N700_MNARmod_outcome_misspec_ALT,700,MNARmod,outcome_misspec,False,0.45,0.28,AIPW,250,0.41382823521152323,-0.033153519390280675,0.011902046840635516,0.19071490995235663,0.008183579432449696,0.932,0.01592180894245374,,,0.7008171428571428,0.3492600403840102,0.7296064642378246,0.9239095162714674,2.9589253399530913,476.4229968584006,0.0
N700_MNARmod_outcome_misspec_NULL,700,MNARmod,outcome_misspec,True,0.0,0.0,CC,250,0.0,-0.0724124815877329,0.012127174427189963,0.20460593595245183,0.008783201590553222,0.94,0.015019986684414876,0.06,0.01501998668441487,0.7125371428571429,,,,,,
N700_MNARmod_outcome_misspec_NULL,700,MNARmod,outcome_misspec,True,0.0,0.0,OM,250,0.0,-0.06788476550106791,0.011707927365366943,0.19682519305749277,0.00818155917179378,0.936,0.01547953487673321,0.064,0.015479534876733215,0.7125371428571429,,,,,,
N700_MNARmod_outcome_misspec_NULL,700,MNARmod,outcome_misspec,True,0.0,0.0,IPW,250,0.0,-0.07088173053670462,0.014268541801572165,0.2360475581838072,0.010134113671482323,0.944,0.014541526742402262,0.056,0.014541526742402257,0.7125371428571429,0.37380080972110113,0.7394082760170657,0.9240468265765386,2.774827791623327,486.28123262465454,0.0
N700_MNARmod_outcome_misspec_NULL,700,MNARmod,outcome_misspec,True,0.0,0.0,AIPW,250,0.0,-0.06986147452839518,0.01187342265425681,0.1999604681916146,0.008346745618761161,0.924,0.016759952267235128,0.076,0.01675995226723513,0.7125371428571429,0.37380080972110113,0.7394082760170657,0.9240468265765386,2.774827791623327,486.28123262465454,0.0
N700_MNARstrong_both_misspec_ALT,700,MNARstrong,both_misspec,False,0.45,0.28,CC,250,0.41382823521152323,-0.20251759663517585,0.01193205747041291,0.2765221543036284,0.01092268838070774,0.84,0.023186202793903102,,,0.6510571428571428,,,,,,
N700_MNARstrong_both_misspec_ALT,700,MNARstrong,both_misspec,False,0.45,0.28,OM,250,0.41382823521152323,-0.1652288739179362,0.01152351083965967,0.2456941492833234,0.010616827989908257,0.888,0.0199455258140767,,,0.6510571428571428,,,,,,
N700_MNARstrong_both_misspec_ALT,700,MNARstrong,both_misspec,False,0.45,0.28,IPW,250,0.41382823521152323,-0.19459532465403068,0.014433946839553492,0.29957254029300584,0.012060092907101244,0.868,0.021408035874409405,,,0.6510571428571428,0.44238339590373665,0.6627299943430693,0.7891296049711779,2.315187321306549,450.7154720290865,0.0
N700_MNARstrong_both_misspec_ALT,700,MNARstrong,both_misspec,False,0.45,0.28,AIPW,250,0.41382823521152323,-0.16781598773278703,0.011392131962950526,0.24592192406003452,0.010530244996734788,0.876,0.02084456763763643,,,0.6510571428571428,0.44238339590373665,0.6627299943430693,0.7891296049711779,2.315187321306549,450.7154720290865,0.0
N700_MNARstrong_both_misspec_NULL,700,MNARstrong,both_misspec,True,0.0,0.0,CC,250,0.0,-0.1735984098898723,0.012661021737844282,0.26467239052531966,0.011577916829877367,0.884,0.020252802275240827,0.116,0.020252802275240827,0.6661828571428572,,,,,,
N700_MNARstrong_both_misspec_NULL,700,MNARstrong,both_misspec,True,0.0,0.0,OM,250,0.0,-0.1627224870387879,0.012448896945142895,0.25508310712517746,0.01123520766228243,0.88,0.020552372125864207,0.12,0.020552372125864207,0.6661828571428572,,,,,,
N700_MNARstrong_both_misspec_NULL,700,MNARstrong,both_misspec,True,0.0,0.0,IPW,250,0.0,-0.17520759133486136,0.0146105329329239,0.28957063134025385,0.013191624034622984,0.888,0.0199455258140767,0.112,0.0199455258140767,0.6661828571428572,0.4615804458136228,0.6773596070226142,0.7983101109545805,2.209503563251648,461.9586040679203,0.0
N700_MNARstrong_both_misspec_NULL,700,MNARstrong,both_misspec,True,0.0,0.0,AIPW,250,0.0,-0.16325896420648262,0.0125971833251487,0.2572295809153708,0.011329174377755548,0.876,0.02084456763763643,0.124,0.02084456763763643,0.6661828571428572,0.4615804458136228,0.6773596070226142,0.7983101109545805,2.209503563251648,461.9586040679203,0.0
N700_MNARstrong_correct_ALT,700,MNARstrong,correct,False,0.45,0.28,CC,250,0.41382823521152323,-0.17544740168088818,0.012703321485134714,0.26639071036447864,0.010814148410085572,0.864,0.021679852398021532,,,0.6520742857142857,,,,,,
N700_MNARstrong_correct_ALT,700,MNARstrong,correct,False,0.45,0.28,OM,250,0.41382823521152323,-0.1074632306837896,0.012728979869112835,0.2278004634489558,0.010370484246366407,0.908,0.018279606122671238,,,0.6520742857142857,,,,,,
N700_MNARstrong_correct_ALT,700,MNARstrong,correct,False,0.45,0.28,IPW,250,0.41382823521152323,-0.13150748900683254,0.015466477387501355,0.27723273334263177,0.011846265991931228,0.912,0.01791714262933685,,,0.6520742857142857,0.2760089928850434,0.6912243846597885,0.9223190066226872,3.7917570395237274,433.99744986498644,0.0
N700_MNARstrong_correct_ALT,700,MNARstrong,correct,False,0.45,0.28,AIPW,250,0.41382823521152323,-0.10843771687324912,0.012745204727395524,0.22848710922707655,0.010415578564681343,0.908,0.018279606122671238,,,0.6520742857142857,0.2760089928850434,0.6912243846597885,0.9223190066226872,3.7917570395237274,433.99744986498644,0.0
N700_MNARstrong_correct_NULL,700,MNARstrong,correct,True,0.0,0.0,CC,250,0.0,-0.17131800164767444,0.013860401652507712,0.27782266006716116,0.01036693955964044,0.872,0.02112969474460055,0.128,0.02112969474460055,0.6659028571428571,,,,,,
N700_MNARstrong_correct_NULL,700,MNARstrong,correct,True,0.0,0.0,OM,250,0.0,-0.16692435957416818,0.012855592324231542,0.26270713554631436,0.009615517998974614,0.86,0.021945386758952325,0.14,0.021945386758952325,0.6659028571428571,,,,,,
N700_MNARstrong_correct_NULL,700,MNARstrong,correct,True,0.0,0.0,IPW,250,0.0,-0.17878637122812993,0.015993122187480963,0.3092794463030852,0.012143764572255382,0.876,0.02084456763763643,0.124,0.02084456763763643,0.6659028571428571,0.29320593422724317,0.7017135162107517,0.9213192875958002,3.5676199620834077,446.3373663753981,0.0
N700_MNARstrong_correct_NULL,700,MNARstrong,correct,True,0.0,0.0,AIPW,250,0.0,-0.1677523342441501,0.012883869245445509,0.26357802116462875,0.009697603189870086,0.872,0.02112969474460055,0.128,0.02112969474460055,0.6659028571428571,0.29320593422724317,0.7017135162107517,0.9213192875958002,3.5676199620834077,446.3373663753981,0.0
N700_MNARstrong_missing_misspec_ALT,700,MNARstrong,missing_misspec,False,0.45,0.28,CC,250,0.41382823521152323,-0.18499555840589862,0.013029798641931066,0.27658180370295177,0.010961998858987425,0.856,0.022204864331943127,,,0.6511771428571428,,,,,,
N700_MNARstrong_missing_misspec_ALT,700,MNARstrong,missing_misspec,False,0.45,0.28,OM,250,0.41382823521152323,-0.1165364794811318,0.012581889732534669,0.2302138883973552,0.010134526340802561,0.916,0.017543545821754502,,,0.6511771428571428,,,,,,
N700_MNARstrong_missing_misspec_ALT,700,MNARstrong,missing_misspec,False,0.45,0.28,IPW,250,0.41382823521152323,-0.18493718557023733,0.014705250963722327,0.29672650652957927,0.012864876358659976,0.872,0.02112969474460055,,,0.6511771428571428,0.4357139318836477,0.6641227958100542,0.7971368101628533,2.3506059630228537,450.2081397773695,0.0
N700_MNARstrong_missing_misspec_ALT,700,MNARstrong,missing_misspec,False,0.45,0.28,AIPW,250,0.41382823521152323,-0.11903332379636877,0.012487231586073193,0.23020803503002008,0.009976252675277268,0.92,0.01715808847162177,,,0.6511771428571428,0.4357139318836477,0.6641227958100542,0.7971368101628533,2.3506059630228537,450.2081397773695,0.0
N700_MNARstrong_missing_misspec_NULL,700,MNARstrong,missing_misspec,True,0.0,0.0,CC,250,0.0,-0.15420671909853456,0.01363317091201236,0.26468790328432684,0.010062187014914088,0.868,0.021408035874409405,0.132,0.021408035874409405,0.6670971428571429,,,,,,
N700_MNARstrong_missing_misspec_NULL,700,MNARstrong,missing_misspec,True,0.0,0.0,OM,250,0.0,-0.14640064354643778,0.013359358186106222,0.2566569476282247,0.010131032372070447,0.884,0.020252802275240827,0.116,0.020252802275240827,0.6670971428571429,,,,,,
N700_MNARstrong_missing_misspec_NULL,700,MNARstrong,missing_misspec,True,0.0,0.0,IPW,250,0.0,-0.17541026340318722,0.016208630210621678,0.3101386208456475,0.012388460448687551,0.856,0.022204864331943127,0.144,0.022204864331943124,0.6670971428571429,0.4563478858339178,0.678683912362508,0.8011387024994872,2.23581146938681,462.41099403305697,0.0
N700_MNARstrong_missing_misspec_NULL,700,MNARstrong,missing_misspec,True,0.0,0.0,AIPW,250,0.0,-0.1467734394930546,0.013488251905199825,0.25854157202603784,0.010214969307163391,0.888,0.0199455258140767,0.112,0.0199455258140767,0.6670971428571429,0.4563478858339178,0.678683912362508,0.8011387024994872,2.23581146938681,462.41099403305697,0.0
N700_MNARstrong_outcome_misspec_ALT,700,MNARstrong,outcome_misspec,False,0.45,0.28,CC,250,0.41382823521152323,-0.1806510154704709,0.012907359017912824,0.27224652188415355,0.010432443004874349,0.86,0.021945386758952325,,,0.6520514285714286,,,,,,
N700_MNARstrong_outcome_misspec_ALT,700,MNARstrong,outcome_misspec,False,0.45,0.28,OM,250,0.41382823521152323,-0.13769053922309502,0.012018994356079997,0.23436784058203441,0.01000040694443826,0.9,0.018973665961010272,,,0.6520514285714286,,,,,,
N700_MNARstrong_outcome_misspec_ALT,700,MNARstrong,outcome_misspec,False,0.45,0.28,IPW,250,0.41382823521152323,-0.14222233202062823,0.015211076147479508,0.2789982513904458,0.010901883558484057,0.904,0.018631586083852333,,,0.6520514285714286,0.26746964350234287,0.6928558101410921,0.9268689410083175,3.9319228469767906,432.4847636077597,5.7142857142857145e-06
N700_MNARstrong_outcome_misspec_ALT,700,MNARstrong,outcome_misspec,False,0.45,0.28,AIPW,250,0.41382823521152323,-0.10170484771273781,0.012191790361752176,0.21761244071117486,0.009878894300043926,0.944,0.014541526742402262,,,0.6520514285714286,0.26746964350234287,0.6928558101410921,0.9268689410083175,3.9319228469767906,432.4847636077597,5.7142857142857145e-06
N700_MNARstrong_outcome_misspec_NULL,700,MNARstrong,outcome_misspec,True,0.0,0.0,CC,250,0.0,-0.17664681782710476,0.012868409523015394,0.26914214310991624,0.011151275007919287,0.868,0.021408035874409405,0.132,0.021408035874409405,0.6654914285714286,,,,,,
N700_MNARstrong_outcome_misspec_NULL,700,MNARstrong,outcome_misspec,True,0.0,0.0,OM,250,0.0,-0.16218534149541144,0.012415140293606007,0.2543302506878668,0.011447957685217655,0.872,0.02112969474460055,0.128,0.02112969474460055,0.6654914285714286,,,,,,
N700_MNARstrong_outcome_misspec_NULL,700,MNARstrong,outcome_misspec,True,0.0,0.0,IPW,250,0.0,-0.1802704985186183,0.015444834750861522,0.3031412869208427,0.012235551880014546,0.9,0.018973665961010272,0.1,0.018973665961010275,0.6654914285714286,0.2978211073527661,0.7005173158964808,0.9205484250983864,3.4951667784865412,446.49750653817523,0.0
N700_MNARstrong_outcome_misspec_NULL,700,MNARstrong,outcome_misspec,True,0.0,0.0,AIPW,250,0.0,-0.16750441274239986,0.01297860781144015,0.2645757910471911,0.011748283355600094,0.876,0.02084456763763643,0.124,0.02084456763763643,0.6654914285714286,0.2978211073527661,0.7005173158964808,0.9205484250983864,3.4951667784865412,446.49750653817523,0.0
N700_MNARyOnly_both_misspec_ALT,700,MNARyOnly,both_misspec,False,0.45,0.28,CC,250,0.41382823521152323,-0.004643646766293882,0.013226278309140955,0.2087588045929857,0.010313667893611241,0.944,0.014541526742402262,,,0.6716342857142857,,,,,,
N700_MNARyOnly_both_misspec_ALT,700,MNARyOnly,both_misspec,False,0.45,0.28,OM,250,0.41382823521152323,0.008527755942847217,0.012407071800869196,0.1959659278005484,0.00971740949016434,0.936,0.01547953487673321,,,0.6716342857142857,,,,,,
N700_MNARyOnly_both_misspec_ALT,700,MNARyOnly,both_misspec,False,0.45,0.28,IPW,250,0.41382823521152323,-0.01819992292843782,0.015071170032881673,0.2385144410060923,0.01206082459458808,0.936,0.01547953487673321,,,0.6716342857142857,0.46723227766292286,0.6827011651920742,0.799137868212123,2.186514207048395,465.96901137800705,0.0
N700_MNARyOnly_both_misspec_ALT,700,MNARyOnly,both_misspec,False,0.45,0.28,AIPW,250,0.41382823521152323,0.0077345685997335795,0.012427471208838768,0.19625466025653152,0.00970854577485577,0.932,0.01592180894245374,,,0.6716342857142857,0.46723227766292286,0.6827011651920742,0.799137868212123,2.186514207048395,465.96901137800705,0.0
N700_MNARyOnly_both_misspec_NULL,700,MNARyOnly,both_misspec,True,0.0,0.0,CC,250,0.0,0.01247305717776898,0.012244920226135774,0.19362375091946418,0.008127590658733683,0.984,0.00793574193128784,0.016,0.007935741931287836,0.6860342857142857,,,,,,
N700_MNARyOnly_both_misspec_NULL,700,MNARyOnly,both_misspec,True,0.0,0.0,OM,250,0.0,0.007829266813125653,0.011337771905204179,0.17907825186399928,0.008355200099734271,0.972,0.010433791257256401,0.028,0.010433791257256396,0.6860342857142857,,,,,,
N700_MNARyOnly_both_misspec_NULL,700,MNARyOnly,both_misspec,True,0.0,0.0,IPW,250,0.0,0.011293693584300993,0.014289748906167457,0.22577108216355624,0.009484571365053525,0.972,0.010433791257256401,0.028,0.010433791257256396,0.6860342857142857,0.48738587894890434,0.6967912381130229,0.8096357652481844,2.094446076282156,476.4005763585374,0.0
N700_MNARyOnly_both_misspec_NULL,700,MNARyOnly,both_misspec,True,0.0,0.0,AIPW,250,0.0,0.008552469446388317,0.011357226089626318,0.17941795969719054,0.008339645962371512,0.976,0.009679669415842676,0.024,0.009679669415842671,0.6860342857142857,0.48738587894890434,0.6967912381130229,0.8096357652481844,2.094446076282156,476.4005763585374,0.0
N700_MNARyOnly_correct_ALT,700,MNARyOnly,correct,False,0.45,0.28,CC,250,0.41382823521152323,-0.009962340002519596,0.01393082518828452,0.22005034181871855,0.009067961653775592,0.928,0.01634821091128934,,,0.6745771428571428,,,,,,
N700_MNARyOnly_correct_ALT,700,MNARyOnly,correct,False,0.45,0.28,OM,250,0.41382823521152323,0.03525356142391773,0.012968823454927631,0.2076588997913047,0.009435867123138934,0.92,0.01715808847162177,,,0.6745771428571428,,,,,,
N700_MNARyOnly_correct_ALT,700,MNARyOnly,correct,False,0.45,0.28,IPW,250,0.41382823521152323,0.012330636284279125,0.016309442884352415,0.25765389277762835,0.011804074173549452,0.936,0.01547953487673321,,,0.6745771428571428,0.3034576301928792,0.709508507184954,0.924264736594716,3.476077811005777,453.2422637206659,0.0
N700_MNARyOnly_correct_ALT,700,MNARyOnly,correct,False,0.45,0.28,AIPW,250,0.41382823521152323,0.03335831270153298,0.01303586065803302,0.20838968097559646,0.009385005757130617,0.912,0.01791714262933685,,,0.6745771428571428,0.3034576301928792,0.709508507184954,0.924264736594716,3.476077811005777,453.2422637206659,0.0
N700_MNARyOnly_correct_NULL,700,MNARyOnly,correct,True,0.0,0.0,CC,250,0.0,0.0037482270833947683,0.01281649915430842,0.2022756762410978,0.008808750061703913,0.952,0.013519763311537675,0.048,0.01351976331153767,0.684,,,,,,
N700_MNARyOnly_correct_NULL,700,MNARyOnly,correct,True,0.0,0.0,OM,250,0.0,0.002558614473866953,0.012486293594223761,0.1970470017802683,0.008492570485785812,0.944,0.014541526742402262,0.056,0.014541526742402257,0.684,,,,,,
N700_MNARyOnly_correct_NULL,700,MNARyOnly,correct,True,0.0,0.0,IPW,250,0.0,0.006686915320462035,0.015003851296580979,0.23685119318941966,0.01098266397750991,0.94,0.015019986684414876,0.06,0.01501998668441487,0.684,0.3187430423378935,0.7163779077113875,0.9250993862940483,3.2794398247702388,461.60894996200824,0.0
N700_MNARyOnly_correct_NULL,700,MNARyOnly,correct,True,0.0,0.0,AIPW,250,0.0,0.0023257851109450933,0.012413856759198197,0.1959011621869995,0.008518588427913358,0.964,0.011782020200288238,0.036,0.011782020200288235,0.684,0.3187430423378935,0.7163779077113875,0.9250993862940483,3.2794398247702388,461.60894996200824,0.0
N700_MNARyOnly_missing_misspec_ALT,700,MNARyOnly,missing_misspec,False,0.45,0.28,CC,250,0.41382823521152323,0.0062740606923985375,0.012440938083337625,0.1964149230469482,0.008394751699147919,0.952,0.013519763311537675,,,0.6720057142857142,,,,,,
N700_MNARyOnly_missing_misspec_ALT,700,MNARyOnly,missing_misspec,False,0.45,0.28,OM,250,0.41382823521152323,0.0478203015227034,0.011862245796317727,0.19319494609190582,0.008384242902162262,0.932,0.01592180894245374,,,0.6720057142857142,,,,,,
N700_MNARyOnly_missing_misspec_ALT,700,MNARyOnly,missing_misspec,False,0.45,0.28,IPW,250,0.41382823521152323,-0.005125760694243041,0.014066344861840871,0.22202235429789874,0.00909703257562678,0.964,0.011782020200288238,,,0.6720057142857142,0.4715399261056353,0.6828932612054711,0.796721784265017,2.170734623029511,466.2978648394891,0.0
N700_MNARyOnly_missing_misspec_ALT,700,MNARyOnly,missing_misspec,False,0.45,0.28,AIPW,250,0.41382823521152323,0.04895161751705843,0.011925003651585917,0.19443632162749427,0.008409715318277201,0.924,0.016759952267235128,,,0.6720057142857142,0.4715399261056353,0.6828932612054711,0.796721784265017,2.170734623029511,466.2978648394891,0.0
N700_MNARyOnly_missing_misspec_NULL,700,MNARyOnly,missing_misspec,True,0.0,0.0,CC,250,0.0,0.025466371357975023,0.012669882624634957,0.20154277852338684,0.009530060975967883,0.932,0.01592180894245374,0.068,0.015921808942453743,0.6833028571428572,,,,,,
N700_MNARyOnly_missing_misspec_NULL,700,MNARyOnly,missing_misspec,True,0.0,0.0,OM,250,0.0,0.018204002687246153,0.012192535832233625,0.19325426331362572,0.009527160873024701,0.952,0.013519763311537675,0.048,0.01351976331153767,0.6833028571428572,,,,,,
N700_MNARyOnly_missing_misspec_NULL,700,MNARyOnly,missing_misspec,True,0.0,0.0,IPW,250,0.0,0.0320197115129868,0.014324074328607606,0.22828679147701972,0.009855392312979884,0.952,0.013519763311537675,0.048,0.01351976331153767,0.6833028571428572,0.48124091999138147,0.6943840193509299,0.807058384524234,2.140685247563368,474.22381289032427,0.0
N700_MNARyOnly_missing_misspec_NULL,700,MNARyOnly,missing_misspec,True,0.0,0.0,AIPW,250,0.0,0.01859384512547726,0.01218162460426338,0.1931199979244764,0.009398215277995415,0.948,0.014042222046385685,0.052,0.014042222046385677,0.6833028571428572,0.48124091999138147,0.6943840193509299,0.807058384524234,2.140685247563368,474.22381289032427,0.0
N700_MNARyOnly_outcome_misspec_ALT,700,MNARyOnly,outcome_misspec,False,0.45,0.28,CC,250,0.41382823521152323,0.0065234315473455765,0.012262274336018689,0.19360535829415146,0.00894426898420499,0.944,0.014541526742402262,,,0.6727371428571429,,,,,,
N700_MNARyOnly_outcome_misspec_ALT,700,MNARyOnly,outcome_misspec,False,0.45,0.28,OM,250,0.41382823521152323,0.01771856344575574,0.0113751268493175,0.18036887672006824,0.00848475672036826,0.948,0.014042222046385685,,,0.6727371428571429,,,,,,
N700_MNARyOnly_outcome_misspec_ALT,700,MNARyOnly,outcome_misspec,False,0.45,0.28,IPW,250,0.41382823521152323,0.043737001147287624,0.01454246439196774,0.23360706249315025,0.011020153079124117,0.936,0.01547953487673321,,,0.6727371428571429,0.30554477984600026,0.7077283709648395,0.9251214009431032,3.4309447838699976,451.7932237266575,0.0
N700_MNARyOnly_outcome_misspec_ALT,700,MNARyOnly,outcome_misspec,False,0.45,0.28,AIPW,250,0.41382823521152323,0.049399874992013246,0.01166787649257821,0.19062802461572978,0.009387371615942818,0.944,0.014541526742402262,,,0.6727371428571429,0.30554477984600026,0.7077283709648395,0.9251214009431032,3.4309447838699976,451.7932237266575,0.0
N700_MNARyOnly_outcome_misspec_NULL,700,MNARyOnly,outcome_misspec,True,0.0,0.0,CC,250,0.0,0.022051853018128207,0.013538398328072061,0.21476744007095133,0.009575533173342723,0.932,0.01592180894245374,0.068,0.015921808942453743,0.68452,,,,,,
N700_MNARyOnly_outcome_misspec_NULL,700,MNARyOnly,outcome_misspec,True,0.0,0.0,OM,250,0.0,0.02163358194254303,0.012892617978939666,0.204589080493152,0.009264824510854192,0.944,0.014541526742402262,0.056,0.014541526742402257,0.68452,,,,,,
N700_MNARyOnly_outcome_misspec_NULL,700,MNARyOnly,outcome_misspec,True,0.0,0.0,IPW,250,0.0,0.016054061229874496,0.015959451677320144,0.2523470888366082,0.012148873047346903,0.948,0.014042222046385685,0.052,0.014042222046385677,0.68452,0.3296804285109511,0.7157978777245309,0.9238850400132254,3.1693777577372946,462.8553277498777,0.0
N700_MNARyOnly_outcome_misspec_NULL,700,MNARyOnly,outcome_misspec,True,0.0,0.0,AIPW,250,0.0,0.02325103087040597,0.013233465140204062,0.2101110081389564,0.010029368531123722,0.948,0.014042222046385685,0.052,0.014042222046385677,0.68452,0.3296804285109511,0.7157978777245309,0.9238850400132254,3.1693777577372946,462.8553277498777,0.0
